10.1016/j.dib.2018.01.109,"Stefano, Tiziana Di",21,Medical sciences
10.1016/j.dib.2019.104666,"Hui Mee, Anna Ling",17,Geosciences
10.1016/j.dib.2022.107847,"Saez de Cámara, Estibaliz",13,Geosciences
10.1016/j.dib.2015.11.063,"Dorssaeler, Alain Van",13,Biological sciences
10.1016/j.dib.2021.107615,"Zemp, Clara Delphine",11,Geosciences
10.1016/j.dib.2018.10.104,"Rescio, Leslie",11,Computer & Mathematical sciences
10.1016/j.dib.2018.11.131,"Henneb, Mohammed",9,Biological sciences
10.1016/j.dib.2019.104768,"Tersali, Alessandra",10,Medical sciences
10.1016/j.dib.2019.104768,"Dell’Anna, Antonio Maria",11,Medical sciences
10.1016/j.dib.2019.104768,"De Pascale, Gennaro",12,Medical sciences
10.1016/j.dib.2021.107362,"Junqueira, Luis Orlando Lopes",9,Social sciences & Humanities
10.1016/j.dib.2016.03.053,"De Siqueira, Cláudio Lísias Mafra",8,Biological sciences
10.1016/j.dib.2015.09.029,"Jun Wang, Xiu",8,Medical sciences
10.1016/j.dib.2022.108265,"Ouahabi, Abdessamad El",8,Medical sciences
10.1016/j.dib.2019.103848,"Santos, Larissa Dos",8,Geosciences
10.1016/j.dib.2017.08.015,"Maria Leone, Antonio",8,Medical sciences
10.1016/j.dib.2022.107960,"Bouveresse, Delphine Jouan-Rimbaud",8,Biological sciences
10.1016/j.dib.2018.08.213,"Tector, A. Joseph",8,Medical sciences
10.1016/j.dib.2016.02.004,"O’Connor, Robert",8,Biological sciences
10.1016/j.dib.2016.02.004,"Vasconcelos, M. Helena",9,Biological sciences
10.1016/j.dib.2020.106651,"Khomenko, Alexandr E",8,Medical sciences
10.1016/j.dib.2020.106022,"Lamarque, Thierry",7,Geosciences
10.1016/j.dib.2018.10.014,"Ferrel-Álvarez, A.C.",7,Engineering
10.1016/j.dib.2017.04.050,"Lanišnik Rižner, Tea",7,Biological sciences
10.1016/j.dib.2015.01.001,"D׳Aco, Kristin",7,Biological sciences
10.1016/j.dib.2019.104177,"Sobrinho, Mellissa Sousa",7,Geosciences
10.1016/j.dib.2019.103780,"Akahane, Manabu",7,Medical sciences
10.1016/j.dib.2019.104192,"Eksund, Bengt",7,Computer & Mathematical sciences
10.1016/j.dib.2022.108152,"Zhang, Yang",7,Physics & Chemistry
10.1016/j.dib.2018.12.053,"Watanabe, Yuuki",7,Medical sciences
10.1016/j.dib.2016.02.073,"Gupta, Sandip Sen",7,Biological sciences
10.1016/j.dib.2018.11.001,"Navarro-Silva, Mário Antônio",7,Medical sciences
10.1016/j.dib.2015.07.030,"Αthanassakis, Ι.",7,Engineering
10.1016/j.dib.2019.104055,"Mohioudin Gillani, Syed Shah",7,Biological sciences
10.1016/j.dib.2021.107442,"Reis, Paulo Eduardo Ocke",7,Medical sciences
10.1016/j.dib.2021.107442,"Rosello, Eduardo Sebastian Sarutte",35,Medical sciences
10.1016/j.dib.2014.08.006,"Giorgio Righetti, Pier",7,FALSE
10.1016/j.dib.2014.08.006,"Marco Ghiggeri, Gian",8,FALSE
10.1016/j.dib.2021.106755,"Monsada, Araceli M.",7,Geosciences
10.1016/j.dib.2020.105547,"Rebolledo, Boris",6,Engineering
10.1016/j.dib.2018.04.056,"O’Donnell, Colm P.",6,Physics & Chemistry
10.1016/j.dib.2017.04.032,"Tenório, Daniel",6,Computer & Mathematical sciences
10.1016/j.dib.2021.106906,"Bacci, Barbara', ""D'Annunzio, Giulia"", 'Amadori, Massimo",7,Medical sciences
10.1016/j.dib.2022.108447,"Gioacchini, Silvia",9,Engineering
10.1016/j.dib.2019.103838,"Shah, Nilay D.",7,Engineering
10.1016/j.dib.2019.103838,"Shirley Wu, Yi Shuan",8,Engineering
10.1016/j.dib.2019.104002,"Kasuga, Noriko Chikaraishi",6,Physics & Chemistry
10.1016/j.dib.2016.02.053,"Peter Wong, Tsun-Hon",6,Biological sciences
10.1016/j.dib.2022.108567,"Han, Jun Hyun",6,Engineering
10.1016/j.dib.2021.107484,"Murad, Aizuri",6,Medical sciences
10.1016/j.dib.2022.108633,"Orlando, Beatrice",6,Geosciences
10.1016/j.dib.2017.06.054,"Cleonice Vergne, Maria",6,Biological sciences
10.1016/j.dib.2018.11.100,"Bona, Maria Della",6,Physics & Chemistry
10.1016/j.dib.2018.09.055,"Pires Basto, Maria Clara",6,Geosciences
10.1016/j.dib.2018.03.045,"Rashid, Masturah Bte Mohd Abdul",6,Biological sciences
10.1016/j.dib.2020.106413,"Chehouri, Jana El",6,Biological sciences
10.1016/j.dib.2018.07.010,"Chevalot, Isabelle', ""Guiavarc'H, Yann",6,Biological sciences
10.1016/j.dib.2018.03.123,"Uwa, Clementina U.",6,Geosciences
10.1016/j.dib.2018.03.123,"Hossain, Md. Faruque",7,Geosciences
10.1016/j.dib.2020.105646,"Babic, Natarsha",6,Biological sciences
10.1016/j.dib.2020.105646,"Pađen, Lana",8,Biological sciences
10.1016/j.dib.2021.107202,"Gallerani, Andrea",6,Geosciences
10.1016/j.dib.2021.107202,"Miserocchi, Stefano",10,Geosciences
10.1016/j.dib.2021.107202,"Savelli, Fabio",12,Geosciences
10.1016/j.dib.2021.107202,"López Correa, Matthias",15,Geosciences
10.1016/j.dib.2020.106598,"Aierken, Aili",6,Biological sciences
10.1016/j.dib.2020.106598,"Zhang, Xiaoying",7,Biological sciences
10.1016/j.dib.2020.106098,"Adedeji, P.A.",5,Engineering
10.1016/j.dib.2020.106066,"González, Virginia I.",5,Social sciences & Humanities
10.1016/j.dib.2020.105247,"Ó Gallachóir, Brian",5,Engineering
10.1016/j.dib.2020.105527,"Rine, Kong Sher",5,Geosciences
10.1016/j.dib.2021.107029,"Traoré, Amidou Sissou",5,Biological sciences
10.1016/j.dib.2022.108442,"Ben-Miled, Zina",5,Computer & Mathematical sciences
10.1016/j.dib.2019.104689,"Tranchida, Giorgio', ""D'Agostino, Fabio"", 'Romano, Stefania",6,Geosciences
10.1016/j.dib.2015.02.012,"Sheung Law, Alice Yu",6,Biological sciences
10.1016/j.dib.2015.02.012,"Yee Yeung, Bonnie Ho",7,Biological sciences
10.1016/j.dib.2015.02.012,"Ching Chow, Sheung",8,Biological sciences
10.1016/j.dib.2017.08.008,"Fariza Sulaiman, Shaida",5,Medical sciences
10.1016/j.dib.2016.09.011,"Martín, M. Cruz",5,Biological sciences
10.1016/j.dib.2016.03.050,"Cardoso, G.F.",5,Biological sciences
10.1016/j.dib.2017.03.014,"Furse, Samuel",5,Biological sciences
10.1016/j.dib.2018.08.138,"Cho, Seungsik",5,Engineering
10.1016/j.dib.2019.104432,"Aouicha, Mohamed Ben",5,Computer & Mathematical sciences
10.1016/j.dib.2020.105644,"Franceschini, Giordano",5,Engineering
10.1016/j.dib.2020.106490,"Saber, Zahra",5,Geosciences
10.1016/j.dib.2016.05.008,"De Andrade Moral, Rafael",5,Biological sciences
10.1016/j.dib.2016.08.010,"Abo Elenien, Ossama M.",5,Physics & Chemistry
10.1016/j.dib.2019.104346,"Pratim Das, Partha",5,Geosciences
10.1016/j.dib.2016.08.019,"Magpantay, Larry I.",5,Medical sciences
10.1016/j.dib.2018.10.102,"Yurkova, M.S.",5,Computer & Mathematical sciences
10.1016/j.dib.2018.04.047,"Nunes, Gustavo Della-Flora",5,Medical sciences
10.1016/j.dib.2019.104548,"Bagci-Onder, Tugba",5,Biological sciences
10.1016/j.dib.2021.107590,"Bourlot, C. Le",5,Engineering
10.1016/j.dib.2020.105953,"Wong, Wilfred Hing Sang",5,Medical sciences
10.1016/j.dib.2020.105953,"Lp, Patrick",24,Medical sciences
10.1016/j.dib.2020.105229,"Chang, Kai Ming",5,Medical sciences
10.1016/j.dib.2016.08.062,"Oviedo V, Aida Y.",5,Medical sciences
10.1016/j.dib.2014.11.001,"Ali Khavarinejad, Ramzan",5,Biological sciences
10.1016/j.dib.2014.11.001,"Karimi Farsad, Laleh",7,Biological sciences
10.1016/j.dib.2014.11.001,"Hosseini Salekdeh, Ghasem",8,Biological sciences
10.1016/j.dib.2020.106393,"Zumbado, Manuel",5,Physics & Chemistry
10.1016/j.dib.2020.106393,"Henríquez-Hernández, Luis Alberto",6,Physics & Chemistry
10.1016/j.dib.2019.103942,"Benner, Jonas",5,Biological sciences
10.1016/j.dib.2019.103942,"Provenzale, Anotnello",6,Biological sciences
10.1016/j.dib.2019.104861,"Senan, Chandra",5,Engineering
10.1016/j.dib.2019.104861,"Ratcliffe, Ian",6,Engineering
10.1016/j.dib.2018.11.020,"Butzkueven, Helmut",5,Medical sciences
10.1016/j.dib.2018.11.020,"O’Brien, Terence",6,Medical sciences
10.1016/j.dib.2018.11.020,"Monif, Mastura",7,Medical sciences
10.1016/j.dib.2020.106154,"Khodaparasti, Hamed",4,Engineering
10.1016/j.dib.2020.105702,"Magaril, Elena",4,Engineering
10.1016/j.dib.2019.103975,"Hidalgo, Christopher",4,Geosciences
10.1016/j.dib.2021.107633,"Vlasea, Mihaela",4,Engineering
10.1016/j.dib.2020.106040,"Brown, Ralph B.",4,Social sciences & Humanities
10.1016/j.dib.2018.10.031,"Ludemann, Larry",4,Biological sciences
10.1016/j.dib.2021.106997,"Suila, Basil Yilareng', ""Meva'A, Jean Raymond Lucien",4,Engineering
10.1016/j.dib.2020.106495,"Gjerde, Oddbjørn",4,Engineering
10.1016/j.dib.2018.12.066,"Tomas, José M.",4,Social sciences & Humanities
10.1016/j.dib.2019.104336,"Benteke Momba, Maggy Ndombo",4,Medical sciences
10.1016/j.dib.2020.106410,"Cruz, Rufino Lozano-Santa",4,Geosciences
10.1016/j.dib.2020.105874,"Shiomi, Naoto",4,Medical sciences
10.1016/j.dib.2022.108193,"Farinha-Marques, Paulo",4,Biological sciences
10.1016/j.dib.2020.106499,"Guidotti, Silvia', ""D'Oro, Ugo"", 'Finco, Oretta",5,Biological sciences
10.1016/j.dib.2020.106499,"Bardelli, Monia",6,Biological sciences
10.1016/j.dib.2017.12.026,"Fornelli, Claudia",5,Biological sciences
10.1016/j.dib.2017.12.026,"Retta, Francesca",6,Biological sciences
10.1016/j.dib.2020.105887,"Gil, Cruz",5,Biological sciences
10.1016/j.dib.2016.01.045,"Leong, Melody Pui-Yee",5,Biological sciences
10.1016/j.dib.2016.01.045,"Leong, Jia-Wen",6,Biological sciences
10.1016/j.dib.2016.01.045,"Zainal Abidin, Shahidee",7,Biological sciences
10.1016/j.dib.2016.01.045,"Lee, Han-Chung",8,Biological sciences
10.1016/j.dib.2017.08.035,"Lobato, A.",4,Engineering
10.1016/j.dib.2018.04.127,"Baños, F. Guillermo Díaz",4,Physics & Chemistry
10.1016/j.dib.2016.07.028,"Phan, Anne",4,Biological sciences
10.1016/j.dib.2022.108225,"Saavedra, María Paula",4,Biological sciences
10.1016/j.dib.2022.108155,"Fabiano, Ezequiel Chimbioputo",4,Biological sciences
10.1016/j.dib.2022.108560,"Bessão de Assis, Geissianny",4,Geosciences
10.1016/j.dib.2020.105173,"Reza, Md Sumon",4,Engineering
10.1016/j.dib.2021.106805,"Marques, Joao G. Oliveira",4,Biological sciences
10.1016/j.dib.2022.108561,"Morataya, Sergio David Aldana",4,Social sciences & Humanities
10.1016/j.dib.2020.106595,"Abdullah, Manan",4,Geosciences
10.1016/j.dib.2015.10.009,"Veiga Almeida, Filipe",4,Engineering
10.1016/j.dib.2016.09.038,"Tsiaoussis, John",4,Biological sciences
10.1016/j.dib.2018.08.037,"Jun, Tae Hwan",4,Geosciences
10.1016/j.dib.2018.11.035,"Brancato, Ornella Roberta",4,Engineering
10.1016/j.dib.2016.12.023,"Chen, Hui",4,Biological sciences
10.1016/j.dib.2022.108171,"Paesano, Laura",4,Biological sciences
10.1016/j.dib.2019.104158,"Galvez Mejia, E.",4,Geosciences
10.1016/j.dib.2019.104920,"Zingenberg, Frederik Johan Buchardt",4,Medical sciences
10.1016/j.dib.2017.09.044,"Margarido, Lívia R. Manzine",4,Biological sciences
10.1016/j.dib.2016.05.002,"Li, Xuefei",4,Biological sciences
10.1016/j.dib.2019.104915,"Mateo, José Molina",4,Social sciences & Humanities
10.1016/j.dib.2016.04.029,"Kushwaha, S.K.",4,Biological sciences
10.1016/j.dib.2020.105600,"Becerril-Montekio, Victor",4,Medical sciences
10.1016/j.dib.2016.01.041,"Best, Gerrit",4,Biological sciences
10.1016/j.dib.2021.107550,"Proietti Ciolli, Claudia",4,Medical sciences
10.1016/j.dib.2017.08.053,"Dos Santos, Everton C.",4,Engineering
10.1016/j.dib.2017.08.053,"Marek Koza, Michael",12,Engineering
10.1016/j.dib.2020.105115,"Mckenna, Mary Clare",4,Medical sciences
10.1016/j.dib.2020.105115,"Hutchinson, Siobhan",9,Medical sciences
10.1016/j.dib.2019.104125,"Urban, Cícero De Andrade",9,Biological sciences
10.1016/j.dib.2018.10.122,"De Oliveira, Lucas Silva",4,Biological sciences
10.1016/j.dib.2018.10.122,"De Almeida Soares, Célia Maria",8,Biological sciences
10.1016/j.dib.2022.108283,"Kaflay, Sabi",6,Social sciences & Humanities
10.1016/j.dib.2022.108283,"Bam, Rajeev",7,Social sciences & Humanities
10.1016/j.dib.2022.108283,"Do, Tuyen",8,Social sciences & Humanities
10.1016/j.dib.2015.12.020,"Fazeli, Alireza",4,Engineering
10.1016/j.dib.2015.12.020,"Gonabadi, Navid",5,Engineering
10.1016/j.dib.2020.105972,"Nukhimovskaya, Yulia",4,Biological sciences
10.1016/j.dib.2020.105972,"Klink, Galya",5,Biological sciences
10.1016/j.dib.2020.106316,"Ekundayo, F.M.",4,Engineering
10.1016/j.dib.2020.106316,"Adedeji, P.A.",5,Engineering
10.1016/j.dib.2020.106366,"Chan, Andrew",4,Social sciences & Humanities
10.1016/j.dib.2020.106366,"Ma, Lucas",5,Social sciences & Humanities
10.1016/j.dib.2020.105312,"Maheshwari, Vedant",4,Engineering
10.1016/j.dib.2021.106904,"Gorbachenko, Oleg",4,Biological sciences
10.1016/j.dib.2021.106904,"Chaplygin, Victor",6,Biological sciences
10.1016/j.dib.2021.106904,"Mandzhieva, Saglara",7,Biological sciences
10.1016/j.dib.2020.106193,"Zhou, Zhou",4,Physics & Chemistry
10.1016/j.dib.2020.106576,"Alsabah, Muntadher Q.",4,Medical sciences
10.1016/j.dib.2020.106576,"Hussein, Yaseein S.",5,Medical sciences
10.1016/j.dib.2020.106576,"Abdelkareem, Zahraa A.",6,Medical sciences
10.1016/j.dib.2016.08.054,"Yu, Lihui",4,Medical sciences
10.1016/j.dib.2016.08.054,"Wang, Chunyan",5,Medical sciences
10.1016/j.dib.2018.03.047,"Peloso, Simone",4,Engineering
10.1016/j.dib.2017.07.033,"Lincoff, Michael A.",4,Medical sciences
10.1016/j.dib.2017.07.033,"C. Gibson, Michael",5,Medical sciences
10.1016/j.dib.2021.107022,"Bockstaller, Christian",4,Biological sciences
10.1016/j.dib.2021.107022,"Curran, Michael",5,Biological sciences
10.1016/j.dib.2021.107022,"Messean, Antoine",8,Biological sciences
10.1016/j.dib.2021.107022,"Van Stappen, Florence",10,Biological sciences
10.1016/j.dib.2021.107022,"Stilmant, Didier",11,Biological sciences
10.1016/j.dib.2020.105889,"Figueira, Rubens Cesar Lopes",4,Geosciences
10.1016/j.dib.2020.105889,"Abessa, Denis Moledo Souza",7,Geosciences
10.1016/j.dib.2020.106256,"Barra, Adrien",4,Geosciences
10.1016/j.dib.2020.106256,"Bégorre, Céline",5,Geosciences
10.1016/j.dib.2020.106256,"Hammada, Myriam",7,Geosciences
10.1016/j.dib.2020.106256,"Lardaux, Gary",8,Geosciences
10.1016/j.dib.2018.09.103,"Mckeegan, Dorothy",4,Medical sciences
10.1016/j.dib.2018.09.103,"O’Reilly, Emily",5,Medical sciences
10.1016/j.dib.2018.09.103,"Bain, Maureen",6,Medical sciences
10.1016/j.dib.2016.07.029,"Castelli, M. Raciti",4,Engineering
10.1016/j.dib.2016.07.029,"Dell’Anna, S.",5,Engineering
10.1016/j.dib.2016.07.029,"Dossena, V.",6,Engineering
10.1016/j.dib.2016.07.029,"Paulsen, U. Schmidt",8,Engineering
10.1016/j.dib.2017.01.005,"Almeida, Andreia",8,Biological sciences
10.1016/j.dib.2017.01.005,"Almeida-Marques, Catarina",15,Biological sciences
10.1016/j.dib.2016.05.031,"Gomes Vasconcelos, Andreanne",4,Engineering
10.1016/j.dib.2019.104381,"Casillo, Gian Marco",4,Medical sciences
10.1016/j.dib.2019.104381,"Russo, Marina",5,Medical sciences
10.1016/j.dib.2019.104381,"Lezama, Danielle",6,Medical sciences
10.1016/j.dib.2020.106568,"Barrena, Eva",4,Social sciences & Humanities
10.1016/j.dib.2020.106568,"Chentli, Hayet",5,Social sciences & Humanities
10.1016/j.dib.2020.106568,"Coelho, Leandro C.",6,Social sciences & Humanities
10.1016/j.dib.2020.106568,"Dayarian, Iman",7,Social sciences & Humanities
10.1016/j.dib.2020.106568,"Grimault, Axel",8,Social sciences & Humanities
10.1016/j.dib.2020.106568,"Iris, Çağatay",9,Social sciences & Humanities
10.1016/j.dib.2020.106568,"Keskin, Merve",10,Social sciences & Humanities
10.1016/j.dib.2020.106568,"Kiefer, Alexander",11,Social sciences & Humanities
10.1016/j.dib.2020.106568,"Lusby, Richard Martin",12,Social sciences & Humanities
10.1016/j.dib.2020.106568,"Mauri, Geraldo Regis",13,Social sciences & Humanities
10.1016/j.dib.2020.106568,"Monroy-Licht, Marcela",14,Social sciences & Humanities
10.1016/j.dib.2020.106568,"Parragh, Sophie N.",15,Social sciences & Humanities
10.1016/j.dib.2020.106568,"Riquelme-Rodríguez, Juan-Pablo",16,Social sciences & Humanities
10.1016/j.dib.2020.106568,"Santini, Alberto",17,Social sciences & Humanities
10.1016/j.dib.2020.106568,"Santos, Vínicius Gandra Martins",18,Social sciences & Humanities
10.1016/j.dib.2020.106568,"Thomas, Charles",19,Social sciences & Humanities
10.1016/j.dib.2020.106568,"Gullhav, Anders N.",20,Social sciences & Humanities
10.1016/j.dib.2017.09.023,"Nong, Ngo Van",3,Engineering
10.1016/j.dib.2017.05.005,"Kanik, Joseph G.",3,Medical sciences
10.1016/j.dib.2020.106609,"Diniz, Ricardo",3,Engineering
10.1016/j.dib.2018.05.049,"Magaña Rueda, Víctor Orlando",3,Social sciences & Humanities
10.1016/j.dib.2016.08.001,"Martin, S.E.",3,Social sciences & Humanities
10.1016/j.dib.2019.103892,"Mazdeh, A. Mahdavi",3,Engineering
10.1016/j.dib.2017.06.036,"Pitfield, Christy",3,Social sciences & Humanities
10.1016/j.dib.2018.10.074,"Bienert, J.",3,Engineering
10.1016/j.dib.2020.106000,"Oyanedel, Juan Carlos",3,Social sciences & Humanities
10.1016/j.dib.2017.10.006,"Gallachóir, Brian P.Ó",3,Engineering
10.1016/j.dib.2016.11.090,"Gardeniers, Han",3,Physics & Chemistry
10.1016/j.dib.2019.103819,"Brizzolla, M.M.B.",3,Social sciences & Humanities
10.1016/j.dib.2022.108273,"Stěhulová, Ilona",3,Biological sciences
10.1016/j.dib.2022.108511,"Correia, Ezequiel",3,Social sciences & Humanities
10.1016/j.dib.2022.108062,"Dockum, Rikker",3,Social sciences & Humanities
10.1016/j.dib.2017.08.036,"Birch Kristensen, Mette",3,Geosciences
10.1016/j.dib.2020.105589,"Borah, Himakshi",3,Computer & Mathematical sciences
10.1016/j.dib.2021.106798,"Chantereau, Y.",3,Engineering
10.1016/j.dib.2016.03.077,"Indjai, Bucar",3,Geosciences
10.1016/j.dib.2015.05.015,"Maria Congedo, Paolo",3,Engineering
10.1016/j.dib.2019.104727,"Li, Tingshuai",3,Engineering
10.1016/j.dib.2019.104245,"Dutra Ribeiro, Flavia Noronha",3,Geosciences
10.1016/j.dib.2020.105220,"Costa Castro, Luís Filipe",3,Geosciences
10.1016/j.dib.2020.105485,"Ballo, Federico Maria",3,Engineering
10.1016/j.dib.2020.106548,"Sunglao, Jun Carlo",3,Social sciences & Humanities
10.1016/j.dib.2019.104019,"Ma, Yu",3,Social sciences & Humanities
10.1016/j.dib.2020.105281,"Berná Peña, Lucas Luciano",3,Geosciences
10.1016/j.dib.2018.08.091,"Oulahyane, Hafsa Ait",3,Computer & Mathematical sciences
10.1016/j.dib.2018.04.129,"Kongprajug, Akechai",3,Geosciences
10.1016/j.dib.2017.03.047,"Crossingham, Yazmin J.",4,Biological sciences
10.1016/j.dib.2018.05.048,"Chong, Andrea Estrella",3,Social sciences & Humanities
10.1016/j.dib.2016.06.030,"Oshiumi, Hiroyuki",3,Biological sciences
10.1016/j.dib.2017.10.041,"Brar, Satinder Kaur",3,Engineering
10.1016/j.dib.2019.104688,"Qi, Yuanxin",3,Engineering
10.1016/j.dib.2015.04.013,"Ramallo Guevara, Carina",3,Biological sciences
10.1016/j.dib.2015.01.008,"Cenci, Alberto",3,Biological sciences
10.1016/j.dib.2020.106251,"Chultsova, Anna",5,Biological sciences
10.1016/j.dib.2021.106756,"Oudrhiri Hassani, Fahd",3,Engineering
10.1016/j.dib.2020.105155,"Yao, Hong",3,Engineering
10.1016/j.dib.2021.107672,"Benko, Ľubomír",3,Computer & Mathematical sciences
10.1016/j.dib.2016.09.009,"Ovchinnikova, Katya",3,Geosciences
10.1016/j.dib.2016.05.006,"Gong, Yong Xi",3,Social sciences & Humanities
10.1016/j.dib.2019.104342,"Ogutu, Chris Ackello",3,Geosciences
10.1016/j.dib.2021.106862,"Talebpour Amiri, Fereshteh",3,Medical sciences
10.1016/j.dib.2017.09.034,"Sulistiyo, Dimas Hand",3,Engineering
10.1016/j.dib.2014.09.003,"Tarık Baykal, Ahmet",3,FALSE
10.1016/j.dib.2016.09.007,"Abd. Majid, Muhd Zaimi",3,Geosciences
10.1016/j.dib.2016.03.040,"Shum, David",3,Biological sciences
10.1016/j.dib.2021.107160,"Paris, Cédric",3,Biological sciences
10.1016/j.dib.2022.108195,"Nardo, Giovanna Di",3,Physics & Chemistry
10.1016/j.dib.2016.03.016,"Ferranti, Larissa De Souza",3,Biological sciences
10.1016/j.dib.2019.104056,"Hesser, Günter",3,Physics & Chemistry
10.1016/j.dib.2020.106064,"Brown, Kitty",3,Biological sciences
10.1016/j.dib.2020.105789,"Kampe, Sandra",3,Medical sciences
10.1016/j.dib.2022.108367,"Duigou, Antoine Le",3,Engineering
10.1016/j.dib.2016.04.071,"Valero Rustarazo, Ma Luz",3,Medical sciences
10.1016/j.dib.2020.105134,"Le, Quang Dung",3,Geosciences
10.1016/j.dib.2020.105811,"Tong, Ching Man Carmen",3,Biological sciences
10.1016/j.dib.2016.01.024,"Sorrentino, R.",3,Engineering
10.1016/j.dib.2016.01.024,"Bruni, G.",8,Engineering
10.1016/j.dib.2016.01.024,"Pezzoli, D.",9,Engineering
10.1016/j.dib.2016.01.024,"Candiani, G.",10,Engineering
10.1016/j.dib.2016.03.066,"De Lima, M.R.",3,Medical sciences
10.1016/j.dib.2019.104203,"Jin, Yong Won",3,Biological sciences
10.1016/j.dib.2019.104203,"Wei, John",7,Biological sciences
10.1016/j.dib.2019.104203,"Thiruvahindrapuram, Bhooma",8,Biological sciences
10.1016/j.dib.2019.104203,"Scherer, Stephen W.",10,Biological sciences
10.1016/j.dib.2020.106420,"Nosrati, Hassan",3,Biological sciences
10.1016/j.dib.2020.106420,"Parkkila, Seppo",5,Biological sciences
10.1016/j.dib.2019.104304,"Jin, Yongfei",4,Engineering
10.1016/j.dib.2020.106272,"Kim, Seung Yeob",3,Engineering
10.1016/j.dib.2020.106272,"Jin, Sung Hun",5,Engineering
10.1016/j.dib.2017.11.050,"Buscherini, Giuditta Ainis",3,Medical sciences
10.1016/j.dib.2020.106489,"Mikhaylova, Daria",5,Geosciences
10.1016/j.dib.2021.106796,"Hausmann, Jacqueline",3,Medical sciences
10.1016/j.dib.2021.106796,"Kneusel, Marcia",6,Medical sciences
10.1016/j.dib.2021.106796,"Ashmeade, Terri",7,Medical sciences
10.1016/j.dib.2018.12.008,"Camacho-Corona, María Del Rayo",6,Physics & Chemistry
10.1016/j.dib.2021.106844,"Syrrou, Marika",5,Biological sciences
10.1016/j.dib.2019.104280,"Kamyshova, Elizaveta G.",3,Physics & Chemistry
10.1016/j.dib.2015.09.032,"Ki Kang, Hyun",3,Engineering
10.1016/j.dib.2015.09.032,"Youn Jung, Sung",5,Engineering
10.1016/j.dib.2020.106516,"Takamte, Rufine C. Magnekou",3,Geosciences
10.1016/j.dib.2020.106516,"Ottou, Eric J. Messi",5,Geosciences
10.1016/j.dib.2019.104839,"Onwualu, Peter A.",4,Engineering
10.1016/j.dib.2021.107624,"Madrzykowski, Daniel",3,Engineering
10.1016/j.dib.2021.107624,"Stakes, Keith",4,Engineering
10.1016/j.dib.2021.107072,"Tseng, Ching-Wan",3,Biological sciences
10.1016/j.dib.2019.104736,"Yap, Timothy Tzen Vun",3,Computer & Mathematical sciences
10.1016/j.dib.2021.106899,"Bogale, Amare Assefa",3,Biological sciences
10.1016/j.dib.2021.106899,"Mengistu, Shegaw Getu",4,Biological sciences
10.1016/j.dib.2021.106866,"Johari, Afifi",3,Geosciences
10.1016/j.dib.2021.106866,"Ali, Azizi",4,Geosciences
10.1016/j.dib.2018.07.026,"Messina, Alessandra",3,Geosciences
10.1016/j.dib.2018.07.026,"D’Alò, Gian Loreto",4,Geosciences
10.1016/j.dib.2017.12.048,"Xu, Wei",3,Engineering
10.1016/j.dib.2017.12.048,"Xin, Li",4,Engineering
10.1016/j.dib.2022.107993,"Xu, Ye-Shuang",3,Geosciences
10.1016/j.dib.2016.01.004,"Han, Jianmei",4,Biological sciences
10.1016/j.dib.2021.106918,"Ogbechie, Rose",4,Social sciences & Humanities
10.1016/j.dib.2019.104315,"Ahmont Kablan, Claude Landry",4,Physics & Chemistry
10.1016/j.dib.2019.104315,"Koffi, Armand Angely",5,Physics & Chemistry
10.1016/j.dib.2019.104315,"Champy, Pierre",11,Physics & Chemistry
10.1016/j.dib.2017.02.045,"Davis, Erin E.",6,Medical sciences
10.1016/j.dib.2019.105069,"Żebrowska, Joanna",3,Engineering
10.1016/j.dib.2019.105069,"Żołnierkiewicz, Olga",5,Engineering
10.1016/j.dib.2019.105069,"Janus, Łukasz",8,Engineering
10.1016/j.dib.2019.105069,"Pikuła, Michał",18,Engineering
10.1016/j.dib.2015.06.018,"Xu, Mi",3,Engineering
10.1016/j.dib.2020.105622,"Panagiotopoulou, Angeliki",3,Biological sciences
10.1016/j.dib.2016.04.035,"Scully, Jenna",3,Biological sciences
10.1016/j.dib.2022.108764,"Ishikawa, Akira",4,Geosciences
10.1016/j.dib.2022.108764,"Niwa, Yuka",5,Geosciences
10.1016/j.dib.2022.108764,"Shimoda, Gen",6,Geosciences
10.1016/j.dib.2022.108764,"Yasukawa, Kazutaka",7,Geosciences
10.1016/j.dib.2016.06.029,"He, Shaohua",3,Biological sciences
10.1016/j.dib.2020.105352,"Park, Joon Sik",3,Engineering
10.1016/j.dib.2020.105390,"Blanchard, Troy C.",3,Geosciences
10.1016/j.dib.2020.105390,"Lee, Matthew R.",4,Geosciences
10.1016/j.dib.2022.108145,"Sharma, Shikha",4,Biological sciences
10.1016/j.dib.2016.04.051,"Livshitz, Lilya",3,Biological sciences
10.1016/j.dib.2016.04.051,"Kra, Gitit",4,Biological sciences
10.1016/j.dib.2020.105878,"González, Fernando",3,Geosciences
10.1016/j.dib.2020.105878,"Pastor-Tiburón, Natalia",4,Geosciences
10.1016/j.dib.2018.07.006,"Geyer, Björn",4,Engineering
10.1016/j.dib.2021.107408,"Denize, Julien",3,Biological sciences
10.1016/j.dib.2021.107408,"Roger, Jean-Luc",4,Biological sciences
10.1016/j.dib.2020.105699,"Lussier, Desiree",3,Medical sciences
10.1016/j.dib.2020.105699,"Sharmarke, Hanad",4,Medical sciences
10.1016/j.dib.2018.08.046,"Liu, Zi-Qi",3,Physics & Chemistry
10.1016/j.dib.2018.08.046,"Tang, Ting",4,Physics & Chemistry
10.1016/j.dib.2018.08.046,"Yang, Qing-Rong",5,Physics & Chemistry
10.1016/j.dib.2018.04.105,"Marcotte, Stephane",3,Geosciences
10.1016/j.dib.2018.04.105,"Kouassi, N.’Guessan Louis Berenger",4,Geosciences
10.1016/j.dib.2018.04.105,"Trokourey, Albert",5,Geosciences
10.1016/j.dib.2018.01.069,"Wang, Xin",3,Engineering
10.1016/j.dib.2018.01.069,"Yan, Shaokang",4,Engineering
10.1016/j.dib.2018.09.001,"Bliefernicht, Jan",3,Geosciences
10.1016/j.dib.2021.107015,"Estrada-Chichón, José Luis",3,Social sciences & Humanities
10.1016/j.dib.2022.108747,"Ferdous, Most Jannatul",3,Computer & Mathematical sciences
10.1016/j.dib.2022.108747,"Akter, Sharmin",4,Computer & Mathematical sciences
10.1016/j.dib.2022.108747,"Nasim Akhtar, Md.",5,Computer & Mathematical sciences
10.1016/j.dib.2019.104108,"Povoroznyuk, Sergey N.",3,Engineering
10.1016/j.dib.2019.104108,"Bolotov, Valery V.', ""Sten'Kin, Yuri"", 'Pushkarev, Alexander I.",4,Engineering
10.1016/j.dib.2019.104108,"Ivlev, Konstantin E.",7,Engineering
10.1016/j.dib.2017.05.036,"Hosseini Salekdeh, Ghasem",5,Biological sciences
10.1016/j.dib.2020.105770,"Yudni, Andrey",7,Engineering
10.1016/j.dib.2020.105323,"Nizou, Jean",7,Geosciences
10.1016/j.dib.2020.105323,"Toucanne, Samuel",8,Geosciences
10.1016/j.dib.2018.06.006,"Della Vedova, C.B.",6,Social sciences & Humanities
10.1016/j.dib.2016.05.069,"Kim, Shin-Kwon",4,Biological sciences
10.1016/j.dib.2016.05.069,"Lee, Bae-Ik",5,Biological sciences
10.1016/j.dib.2016.05.069,"Hwang, Hyung-Kyu",6,Biological sciences
10.1016/j.dib.2016.05.069,"Myeong, Jeong-In",7,Biological sciences
10.1016/j.dib.2021.107609,"Soderblom, Erik J.",3,Biological sciences
10.1016/j.dib.2021.107609,"Waitt, Greg",4,Biological sciences
10.1016/j.dib.2021.107609,"Ho, Tricia",5,Biological sciences
10.1016/j.dib.2019.104714,"Fialkova, Svitlana",3,Engineering
10.1016/j.dib.2022.108665,"Müller, Ashleigh",3,Medical sciences
10.1016/j.dib.2022.108665,"Fell, Brittany",4,Medical sciences
10.1016/j.dib.2022.108665,"Abbas, Mumtaz",5,Medical sciences
10.1016/j.dib.2018.06.029,"Plogmann, Jana-Maria",3,Geosciences
10.1016/j.dib.2018.06.029,"Trau, Fee-Nanett",4,Geosciences
10.1016/j.dib.2016.01.070,"Kim, Kevin",3,Medical sciences
10.1016/j.dib.2016.01.070,"Persiani, Michele",4,Medical sciences
10.1016/j.dib.2016.01.070,"Woods, Leslie W.",5,Medical sciences
10.1016/j.dib.2019.103860,"Cardellicchio, Angelo",3,Geosciences
10.1016/j.dib.2019.103860,"Dell’Anna, Maria Michela",4,Geosciences
10.1016/j.dib.2019.103860,"Romanazzi, Giuseppe",5,Geosciences
10.1016/j.dib.2017.08.002,"Castelli, Vito",3,Medical sciences
10.1016/j.dib.2022.108222,"Kader, Abdul",4,Biological sciences
10.1016/j.dib.2022.108222,"Hasan, Ahmed Khairul",5,Biological sciences
10.1016/j.dib.2022.108222,"Babur, Emre",6,Biological sciences
10.1016/j.dib.2021.107122,"Van Der Linden, Joost",3,Geosciences
10.1016/j.dib.2021.107122,"Disfani, Mahdi",4,Geosciences
10.1016/j.dib.2021.107122,"Miao, Xiuxiu",5,Geosciences
10.1016/j.dib.2021.107122,"Yang, Baohua",6,Geosciences
10.1016/j.dib.2021.107122,"Afshar, Tabassom",7,Geosciences
10.1016/j.dib.2019.104410,"Tang, Ping",5,Biological sciences
10.1016/j.dib.2019.104410,"Li, Zhaojia",6,Biological sciences
10.1016/j.dib.2021.106994,"Trubaca-Boginska, Anna",4,Engineering
10.1016/j.dib.2018.03.065,"Søderholm, Annika",3,Computer & Mathematical sciences
10.1016/j.dib.2022.108032,"Martin, Jacinta H.",3,Biological sciences
10.1016/j.dib.2017.07.058,"Woodgate, Felicity",3,Medical sciences
10.1016/j.dib.2017.07.058,"Killough, Nicholas",4,Medical sciences
10.1016/j.dib.2017.07.058,"Bellamkonda, Kirthi",5,Medical sciences
10.1016/j.dib.2017.07.058,"Williams, Matthew",6,Medical sciences
10.1016/j.dib.2017.07.058,"Hurst, Katherine",7,Medical sciences
10.1016/j.dib.2017.07.058,"Fulford-Smith, Lucy",8,Medical sciences
10.1016/j.dib.2020.105311,"Perasoli, Fernanda B.",3,Medical sciences
10.1016/j.dib.2020.105311,"Marques, Maria Betânia F.",4,Medical sciences
10.1016/j.dib.2020.105311,"Mussel, Wagner N.",5,Medical sciences
10.1016/j.dib.2020.105311,"Moura, Sandra A.L.",6,Medical sciences
10.1016/j.dib.2017.03.002,"Nilsen-Hamilton, Marit",3,Medical sciences
10.1016/j.dib.2017.03.002,"Berger, Thorsten",4,Medical sciences
10.1016/j.dib.2017.03.002,"Mak, Tak W.",5,Medical sciences
10.1016/j.dib.2020.106628,"Zdravevski, Eftim",3,Computer & Mathematical sciences
10.1016/j.dib.2020.106628,"Lameski, Petre",4,Computer & Mathematical sciences
10.1016/j.dib.2019.104099,"Mukherjee, Mayuri",3,Biological sciences
10.1016/j.dib.2019.104099,"Ghosh, Samrat",4,Biological sciences
10.1016/j.dib.2019.104099,"Sarangi, Aditya Narayan",5,Biological sciences
10.1016/j.dib.2019.104099,"Kant, Shashi",7,Biological sciences
10.1016/j.dib.2019.104099,"Sen, Diya",8,Biological sciences
10.1016/j.dib.2019.104099,"Das, Subhadeep",9,Biological sciences
10.1016/j.dib.2019.104099,"Singh, Deeksha",10,Biological sciences
10.1016/j.dib.2019.104099,"Prusty, Asharani",11,Biological sciences
10.1016/j.dib.2019.104099,"Das, Abhishek",13,Biological sciences
10.1016/j.dib.2016.11.034,"Sehgal, Prerna",3,Medical sciences
10.1016/j.dib.2017.10.004,"Boyko, Christopher T.",3,Social sciences & Humanities
10.1016/j.dib.2017.10.004,"Coulton, Claire J.",4,Social sciences & Humanities
10.1016/j.dib.2017.10.004,"Cooper, Rachel",5,Social sciences & Humanities
10.1016/j.dib.2017.10.004,"Smith, Nicholas",6,Social sciences & Humanities
10.1016/j.dib.2017.10.004,"Joffe, Hélène",7,Social sciences & Humanities
10.1016/j.dib.2017.10.004,"Büchs, Milena",8,Social sciences & Humanities
10.1016/j.dib.2017.10.004,"Sadler, Jonathan P.",9,Social sciences & Humanities
10.1016/j.dib.2017.10.004,"Braithwaite, Peter A.",10,Social sciences & Humanities
10.1016/j.dib.2017.10.004,"Blunden, Luke S.",11,Social sciences & Humanities
10.1016/j.dib.2017.10.004,"De Laurentiis, Valeria",12,Social sciences & Humanities
10.1016/j.dib.2017.10.004,"Bahaj, Abubakr S.",14,Social sciences & Humanities
10.1016/j.dib.2017.10.004,"Barnes, Katie",15,Social sciences & Humanities
10.1016/j.dib.2017.10.004,"Bouch, Christopher J.",16,Social sciences & Humanities
10.1016/j.dib.2017.10.004,"Bourikas, Leonidas",17,Social sciences & Humanities
10.1016/j.dib.2017.10.004,"Cavada, Marianna",18,Social sciences & Humanities
10.1016/j.dib.2017.10.004,"Chilvers, Andrew",19,Social sciences & Humanities
10.1016/j.dib.2017.10.004,"Clune, Stephen J.",20,Social sciences & Humanities
10.1016/j.dib.2017.10.004,"Collins, Brian",21,Social sciences & Humanities
10.1016/j.dib.2017.10.004,"Cosgrave, Ellie",22,Social sciences & Humanities
10.1016/j.dib.2017.10.004,"Dunn, Nick",23,Social sciences & Humanities
10.1016/j.dib.2017.10.004,"Falkingham, Jane",24,Social sciences & Humanities
10.1016/j.dib.2017.10.004,"James, Patrick",25,Social sciences & Humanities
10.1016/j.dib.2017.10.004,"Kwami, Corina",26,Social sciences & Humanities
10.1016/j.dib.2017.10.004,"Locret-Collet, Martin",27,Social sciences & Humanities
10.1016/j.dib.2017.10.004,"Medda, Francesca",28,Social sciences & Humanities
10.1016/j.dib.2017.10.004,"Ortegon, Adriana",29,Social sciences & Humanities
10.1016/j.dib.2017.10.004,"Pollastri, Serena",30,Social sciences & Humanities
10.1016/j.dib.2017.10.004,"Popan, Cosmin",31,Social sciences & Humanities
10.1016/j.dib.2017.10.004,"Psarikidou, Katerina",32,Social sciences & Humanities
10.1016/j.dib.2017.10.004,"Tyler, Nick",33,Social sciences & Humanities
10.1016/j.dib.2017.10.004,"Urry, John",34,Social sciences & Humanities
10.1016/j.dib.2017.10.004,"Wu, Yue",35,Social sciences & Humanities
10.1016/j.dib.2017.10.004,"Zeeb, Victoria",36,Social sciences & Humanities
10.1016/j.dib.2017.10.004,"Hale, James D.",38,Social sciences & Humanities
10.1016/j.dib.2018.12.062,"Hou, Zhiguo",8,Engineering
10.1016/j.dib.2020.106143,"Norris, Charlotte",7,FALSE
10.1016/j.dib.2020.106143,"Dowhy, Tanner",8,FALSE
10.1016/j.dib.2020.106143,"Links, Matthew",10,FALSE
10.1016/j.dib.2018.09.034,"Costa, Sandrine",4,Biological sciences
10.1016/j.dib.2018.09.034,"Cufi, Julien",6,Biological sciences
10.1016/j.dib.2018.09.034,"Oudot, Alrick",8,Biological sciences
10.1016/j.dib.2020.105474,"Molina, Ángel",4,Computer & Mathematical sciences
10.1016/j.dib.2020.105474,"Boldú, Laura",5,Computer & Mathematical sciences
10.1016/j.dib.2018.04.067,"Smith, Eric N.",2,Biological sciences
10.1016/j.dib.2015.06.003,"Rup Sarkar, Ram",2,Biological sciences
10.1016/j.dib.2020.106623,"Sulser, Felipe",2,Computer & Mathematical sciences
10.1016/j.dib.2021.107050,"Li, Jing",2,Biological sciences
10.1016/j.dib.2017.12.004,"Akhmetshin, E.M.",2,Social sciences & Humanities
10.1016/j.dib.2019.104530,"Zettl, Katharina",2,Physics & Chemistry
10.1016/j.dib.2021.107263,"Tyler, Samantha K.",2,Biological sciences
10.1016/j.dib.2020.105656,"Yang, Zherui",2,Computer & Mathematical sciences
10.1016/j.dib.2022.107854,"Islam, Shahriar",2,Physics & Chemistry
10.1016/j.dib.2022.108257,"Trubitsyna, Viktoriya V.",6,Medical sciences
10.1016/j.dib.2022.108257,"Tsypushtanova, Mariia M.",10,Medical sciences
10.1016/j.dib.2022.108257,"Makarova, Angelina G.",11,Medical sciences
10.1016/j.dib.2022.108257,"Kazantseva, Daria A.",13,Medical sciences
10.1016/j.dib.2022.108257,"Aristova, Vlada V.",14,Medical sciences
10.1016/j.dib.2016.01.030,"Ramanujachary, Kandalam",4,Biological sciences
10.1016/j.dib.2021.106882,"Li, Hua",4,Biological sciences
10.1016/j.dib.2019.104930,"Ndongmo, Winston Patrick Chounna",5,Medical sciences
10.1016/j.dib.2020.106476,"Congedo, Paolo Maria",5,Engineering
10.1016/j.dib.2017.05.004,"Naik, Gyanendra Kumar",2,Biological sciences
10.1016/j.dib.2016.04.046,"Tengku Muhammad, Tengku Sifzizul",2,Medical sciences
10.1016/j.dib.2017.09.032,"Gómez, Viviola",3,Social sciences & Humanities
10.1016/j.dib.2020.105827,"Marchand, Damien",2,Biological sciences
10.1016/j.dib.2020.106691,"Poletaev, Arseniy O.",2,Biological sciences
10.1016/j.dib.2020.106696,"Pérez-Martínez, Lorena Paola",2,Medical sciences
10.1016/j.dib.2021.107071,"Pattipati, K.R.",3,Engineering
10.1016/j.dib.2016.10.031,"Otranto, Edoardo",3,Social sciences & Humanities
10.1016/j.dib.2020.105197,"Braga, Vitor M.",2,Engineering
10.1016/j.dib.2020.105587,"Lee, Tung L.",2,Engineering
10.1016/j.dib.2019.104899,"Ozyer, Tansel",2,Computer & Mathematical sciences
10.1016/j.dib.2020.105369,"Rojas, Jhan Piero",2,Engineering
10.1016/j.dib.2018.03.106,"Hà, Minh Hoàng",2,Computer & Mathematical sciences
10.1016/j.dib.2020.105293,"Mcintosh, Rory L.",2,Geosciences
10.1016/j.dib.2022.108545,"Ford, Courtney",2,Social sciences & Humanities
10.1016/j.dib.2020.106247,"Shing, Stacey Li Hi",3,Medical sciences
10.1016/j.dib.2015.12.030,"Hippe, Daniel S.",2,Medical sciences
10.1016/j.dib.2020.106345,"Rocco, Giulia Di",2,Physics & Chemistry
10.1016/j.dib.2016.03.061,"Rao, Shubha Gururaja",2,Biological sciences
10.1016/j.dib.2022.108519,"Hülsemann, Benedikt",2,Geosciences
10.1016/j.dib.2019.103817,"Balamurgan, Muthu Kumar",2,Biological sciences
10.1016/j.dib.2020.106386,"Fisol, Muhammad Amir Bin",4,Geosciences
10.1016/j.dib.2016.12.004,"Kohse, Franziska",2,Biological sciences
10.1016/j.dib.2019.104653,"Chbihi, Sara",2,Medical sciences
10.1016/j.dib.2019.01.035,"Simpkin, Andrew J.",2,Medical sciences
10.1016/j.dib.2016.12.033,"Biglia, Alessandro",2,Engineering
10.1016/j.dib.2020.105653,"Ricciardi, Enzo",2,Medical sciences
10.1016/j.dib.2021.106953,"Da Silva, Luiz Fernando Ferraz",2,Medical sciences
10.1016/j.dib.2021.106953,"Da Silva, Erasmo Simão",9,Medical sciences
10.1016/j.dib.2021.106953,"Chung, Timothy Kwang-Joon",10,Medical sciences
﻿10.1016/j.dib.2019.104570,"Judge, Jennifer L.",2,Biological sciences
10.1016/j.dib.2019.103863,"Barishev, David",2,Computer & Mathematical sciences
10.1016/j.dib.2019.104676,"Connor, Sophia G.",2,Medical sciences
10.1016/j.dib.2015.06.014,"Kumar Gupta, Manoj",2,Biological sciences
10.1016/j.dib.2015.06.014,"Abraham Kuriakose, Moni",8,Biological sciences
10.1016/j.dib.2021.107391,"Barros, Giuliano Pereira De",2,Biological sciences
10.1016/j.dib.2017.02.043,"Hu, Feijia",2,Engineering
10.1016/j.dib.2018.04.148,"Jantz, Lee Meadows",2,Medical sciences
10.1016/j.dib.2018.08.147,"Benito, María Belén",2,Geosciences
10.1016/j.dib.2020.106658,"Naraynen, N.",4,Geosciences
10.1016/j.dib.2021.107510,"Fumeaux, Céline J. Fischer",2,Medical sciences
10.1016/j.dib.2020.105593,"Chan, Thérèse Lee",2,Engineering
10.1016/j.dib.2022.108507,"Hall, Eric S.",4,Medical sciences
10.1016/j.dib.2019.01.017,"Horikawa, Aya",2,Biological sciences
10.1016/j.dib.2020.105932,"Miralles, Beatriz",2,Biological sciences
10.1016/j.dib.2020.106390,"Saryazdi, Seyed Mohammad Ebrahimi",2,Engineering
10.1016/j.dib.2021.107395,"Burness, Amy",2,Biological sciences
10.1016/j.dib.2016.05.037,"Giles, N.M.",2,Medical sciences
10.1016/j.dib.2015.10.020,"Lo Surdo, Jessica",2,Biological sciences
10.1016/j.dib.2020.106530,"Žádník, Martin",2,Computer & Mathematical sciences
10.1016/j.dib.2019.105008,"Keles, Ozgur",2,Engineering
10.1016/j.dib.2019.104698,"Avitia Carlos, Patricia",2,Engineering
10.1016/j.dib.2016.02.075,"Voisin, Marie",2,Biological sciences
10.1016/j.dib.2015.10.019,"Koyama, Tomoki",2,Medical sciences
10.1016/j.dib.2021.106943,"Mejia Mendez, Deisy Lizeth",2,Engineering
10.1016/j.dib.2020.105998,"Saito, Kana",2,Physics & Chemistry
10.1016/j.dib.2020.105456,"Saez-Bastante, Javier",2,Engineering
10.1016/j.dib.2017.05.008,"Bouvrette, Louis Philip Benoit",2,Biological sciences
10.1016/j.dib.2015.07.033,"Poetsch, Ansgar",2,Biological sciences
10.1016/j.dib.2022.108525,"Shen, Huawen",4,Social sciences & Humanities
10.1016/j.dib.2022.108568,"Yu, Yeyao Joe",2,Medical sciences
10.1016/j.dib.2022.108157,"Lukač Reberski, Jasmina",2,Geosciences
10.1016/j.dib.2022.107844,"García, Segundo Álvarez",2,Social sciences & Humanities
10.1016/j.dib.2022.108154,"Uidhir, Tomás Mac",2,Engineering
10.1016/j.dib.2020.106223,"Gooneie, A.",2,Engineering
10.1016/j.dib.2018.08.051,"Souza E Silva, Jéssica Luiza",2,Biological sciences
10.1016/j.dib.2020.105363,"Li, Qingping",2,Physics & Chemistry
10.1016/j.dib.2020.105627,"De Mello, Rodrigo Fernandes",2,Computer & Mathematical sciences
10.1016/j.dib.2018.08.214,"Monastyrskyy, Bohdan",2,Biological sciences
10.1016/j.dib.2017.11.039,"Yang, Puyu",2,Biological sciences
10.1016/j.dib.2015.11.060,"Guillen, Pablo Puente",2,Medical sciences
10.1016/j.dib.2016.02.074,"Cano Del Villar, Kevin D.",2,Biological sciences
10.1016/j.dib.2016.02.085,"Martínez-Chacón, Guadalupe",5,Biological sciences
10.1016/j.dib.2016.02.085,"Uribe-Carretero, Elisabet",6,Biological sciences
10.1016/j.dib.2016.02.085,"Pinheiro De Castro, Diana C.J.",7,Biological sciences
10.1016/j.dib.2017.09.010,"Barcelos Antonow, Michelli",2,Engineering
10.1016/j.dib.2017.09.010,"Luiza Tebaldi, Marli",6,Engineering
10.1016/j.dib.2017.09.010,"Pozza Silveira, Gustavo",7,Engineering
10.1016/j.dib.2017.09.010,"Stanisçuaski Guterres, Silvia",8,Engineering
10.1016/j.dib.2017.09.010,"Raffin Pohlmann, Adriana",9,Engineering
10.1016/j.dib.2019.104454,"Mário, Amade Martins",2,Geosciences
10.1016/j.dib.2019.104454,"Ribeiro, Natasha Sofia",5,Geosciences
10.1016/j.dib.2020.106162,"López-Ríos, Víctor I.",2,Social sciences & Humanities
10.1016/j.dib.2021.106833,"Masisi, Juma",5,Biological sciences
10.1016/j.dib.2021.106833,"Alichard, Leinalida",6,Biological sciences
10.1016/j.dib.2021.106833,"Robert, Harriet",7,Biological sciences
10.1016/j.dib.2021.106833,"Byamungu, Godson",8,Biological sciences
10.1016/j.dib.2021.106833,"Stephene, Shadrack",9,Biological sciences
10.1016/j.dib.2021.106833,"Frederick, Baijukya",10,Biological sciences
10.1016/j.dib.2021.106833,"Rocha, Joana Lapão",12,Biological sciences
10.1016/j.dib.2016.03.025,"Ortiz, José Avendaño",2,Medical sciences
10.1016/j.dib.2016.03.025,"López, Manuela G.",5,Medical sciences
10.1016/j.dib.2020.106400,"Sánchez Murillo, Ricardo",2,Geosciences
10.1016/j.dib.2020.106400,"Vives, Luis",5,Geosciences
10.1016/j.dib.2015.11.033,"Vasefi, Maryam S.",4,Biological sciences
10.1016/j.dib.2015.11.033,"Beazely, Michael A.",5,Biological sciences
10.1016/j.dib.2015.11.033,"Mielke, John G.",6,Biological sciences
10.1016/j.dib.2016.02.032,"Zhang, Kai",2,Biological sciences
10.1016/j.dib.2021.107661,"Ning, Qingyan",2,Engineering
10.1016/j.dib.2020.105730,"Stashevskaya, Nadezhda А.",3,Engineering
10.1016/j.dib.2020.106588,"Langerak, Dennis",4,Biological sciences
10.1016/j.dib.2018.06.088,"Ronda, Luca",2,Medical sciences
10.1016/j.dib.2018.09.120,"Arisha, Mohamed",2,Biological sciences
10.1016/j.dib.2020.105314,"Garcia-Rojo, Marcial",3,Medical sciences
10.1016/j.dib.2020.105314,"Laurinavicius, Arvydas",4,Medical sciences
10.1016/j.dib.2018.09.004,"Li, Jing",2,Biological sciences
10.1016/j.dib.2018.09.004,"Yu, Hong",4,Biological sciences
10.1016/j.dib.2020.105484,"Oliveira, Dhiego Da Silva",2,Biological sciences
10.1016/j.dib.2020.105484,"Ferreira, Gabriel Do Amaral",4,Biological sciences
10.1016/j.dib.2020.105484,"Vitória, Ângela Pierre",7,Biological sciences
10.1016/j.dib.2016.02.041,"Laudadio, Ilaria",5,Biological sciences
10.1016/j.dib.2017.05.029,"Hernández, R.",3,Engineering
10.1016/j.dib.2018.10.075,"Zhou, Chenglong",4,Medical sciences
10.1016/j.dib.2018.10.075,"Duan, Junxia",5,Medical sciences
10.1016/j.dib.2016.08.060,"Patel, Dipal B.",2,Engineering
10.1016/j.dib.2015.02.013,"Mariante Monteiro, Karina",2,Biological sciences
10.1016/j.dib.2015.02.013,"Rodrigues Lorenzatto, Karina",4,Biological sciences
10.1016/j.dib.2015.02.013,"Bunselmeyer Ferreira, Henrique",5,Biological sciences
10.1016/j.dib.2017.12.062,"Li, Jie",2,Geosciences
10.1016/j.dib.2017.12.062,"Wang, Weimin",4,Geosciences
10.1016/j.dib.2017.12.062,"Shan, Baoqing",5,Geosciences
10.1016/j.dib.2020.105236,"Boultadaki, P.",2,Physics & Chemistry
10.1016/j.dib.2019.104646,"Moukodoum, Diamella-Nancy",2,Biological sciences
10.1016/j.dib.2021.107513,"Salles, José L. Félix",2,Engineering
10.1016/j.dib.2021.107513,"Pereira, Maxsuel M. Rocha",4,Engineering
10.1016/j.dib.2021.107513,"Ottz, Vinícius C.",5,Engineering
10.1016/j.dib.2021.107513,"Da Silva, Flavio B.B.",6,Engineering
10.1016/j.dib.2021.107513,"Pignaton, Eduardo G.",7,Engineering
10.1016/j.dib.2022.107912,"Kai, Marco",3,Biological sciences
10.1016/j.dib.2022.108035,"Louargant, Marine",3,Biological sciences
10.1016/j.dib.2018.10.131,"Hesse-Fong, Julia",4,Medical sciences
10.1016/j.dib.2018.10.131,"Lager, Mallory",5,Medical sciences
10.1016/j.dib.2020.105850,"Chaves-Filho, Adriano Britto",3,Biological sciences
10.1016/j.dib.2020.105301,"Kumar Mallik, Bandi",2,Medical sciences
10.1016/j.dib.2020.105301,"Singh Solanki, Sandeep",3,Medical sciences
10.1016/j.dib.2020.105558,"Bordoni, Alessandra",2,Social sciences & Humanities
10.1016/j.dib.2020.105558,"Monticone, Francesca",3,Social sciences & Humanities
10.1016/j.dib.2016.09.016,"Tsiatis, Minas",2,Engineering
10.1016/j.dib.2017.05.050,"Wyss, Phillip",2,Biological sciences
10.1016/j.dib.2017.05.050,"Song, Xiaohui C.",3,Biological sciences
10.1016/j.dib.2017.04.023,"Kociánová, Agáta",2,Engineering
10.1016/j.dib.2017.04.023,"Buličková, Martina",3,Engineering
10.1016/j.dib.2015.02.019,"Vissers, J.P.C.",3,Biological sciences
10.1016/j.dib.2019.104754,"Rampoldi, Edgar Ariel",3,Biological sciences
10.1016/j.dib.2015.06.009,"Alhosseini-Abyazani, Mahdyieh Naghavi",3,Biological sciences
10.1016/j.dib.2019.104015,"Salazar, Natalia",3,Medical sciences
10.1016/j.dib.2019.104015,"Fonseca, Flávio Guimarães Da",6,Medical sciences
10.1016/j.dib.2018.05.054,"Falconi, Claus",3,Geosciences
10.1016/j.dib.2018.05.054,"Lipizer, Marina",6,Geosciences
10.1016/j.dib.2015.11.037,"Pan, Shifeng",4,Biological sciences
10.1016/j.dib.2016.08.070,"Bharadwaj, Kishan R.",2,Biological sciences
10.1016/j.dib.2018.09.020,"Prinz, Carsten",2,Geosciences
10.1016/j.dib.2018.09.020,"Hase, Felix",3,Geosciences
10.1016/j.dib.2016.09.034,"Cairl, Nicholas",2,Biological sciences
10.1016/j.dib.2016.09.034,"Kim, Ji Young",3,Biological sciences
10.1016/j.dib.2019.104829,"Poletaev, Arseniy",2,Biological sciences
10.1016/j.dib.2019.104829,"Zelenskaya, Evgenia",3,Biological sciences
10.1016/j.dib.2021.106914,"Bashir, Adnan",2,Engineering
10.1016/j.dib.2021.106914,"Estrada, Trilce",3,Engineering
10.1016/j.dib.2019.103813,"Soltangharaei, Vafa",2,Engineering
10.1016/j.dib.2019.103813,"Anay, Rafal",3,Engineering
10.1016/j.dib.2016.11.070,"D’Incau, M.",2,Engineering
10.1016/j.dib.2016.11.070,"Gelisio, L.",3,Engineering
10.1016/j.dib.2019.103922,"Aarnts, M.P.",2,Engineering
10.1016/j.dib.2019.103922,"Capuano, L.",3,Engineering
10.1016/j.dib.2022.107848,"Mamani Soliz, Patricio",2,Physics & Chemistry
10.1016/j.dib.2022.107848,"Seidl, Ludwig Georg",3,Physics & Chemistry
10.1016/j.dib.2015.09.022,"Wolters, Brit K.",2,Biological sciences
10.1016/j.dib.2015.09.022,"Illukkumbura, Rukshala",3,Biological sciences
10.1016/j.dib.2018.12.050,"Berthelin, Clothilde Heude",2,Engineering
10.1016/j.dib.2019.104008,"Carvalho Silva Santos, Vera Maria",2,Medical sciences
10.1016/j.dib.2019.104008,"Nogueira Martins, Carlos Eduardo",3,Medical sciences
10.1016/j.dib.2021.107150,"Perney, Pascal",2,Physics & Chemistry
10.1016/j.dib.2021.107150,"Crépin, Laura",3,Physics & Chemistry
10.1016/j.dib.2020.106492,"Suzanne, Peggy",4,Biological sciences
10.1016/j.dib.2020.106569,"Gomes, Jorge",2,Medical sciences
10.1016/j.dib.2021.107062,"Favre, Didier",2,Computer & Mathematical sciences
10.1016/j.dib.2021.107062,"Giorgi, Morgane",3,Computer & Mathematical sciences
10.1016/j.dib.2017.05.019,"Eeckhoudt, Sandrine Van",2,Medical sciences
10.1016/j.dib.2017.05.019,"Zotti, Flavia Dei",3,Medical sciences
10.1016/j.dib.2020.106246,"Siah, We Fong",2,Medical sciences
10.1016/j.dib.2020.106246,"Shing, Stacey Li Hi",3,Medical sciences
10.1016/j.dib.2022.108217,"Duliu, Octavian",2,Geosciences
10.1016/j.dib.2022.108217,"El-Taher, Atef",3,Geosciences
10.1016/j.dib.2022.108217,"Arafa, Wafaa",7,Geosciences
10.1016/j.dib.2021.107291,"Skou, Melissa",2,Geosciences
10.1016/j.dib.2021.107291,"Sammali, Emilie",3,Geosciences
10.1016/j.dib.2018.06.121,"Kovalevskiy, N.S.",2,Engineering
10.1016/j.dib.2018.06.121,"Solovyeva, M.I.",3,Engineering
10.1016/j.dib.2018.06.121,"Lyulyukin, M.N.",6,Engineering
10.1016/j.dib.2020.105321,"Wangyal, Rigdzin",3,Medical sciences
10.1016/j.dib.2020.105321,"Liu, Zixuan",5,Medical sciences
10.1016/j.dib.2020.105321,"Dolma, Tashi",6,Medical sciences
10.1016/j.dib.2020.105808,"Lakhia, Steewy",3,Biological sciences
10.1016/j.dib.2020.105808,"Ramassamy, Mylène",4,Biological sciences
10.1016/j.dib.2020.105808,"Lakhia, Kelly",5,Biological sciences
10.1016/j.dib.2022.108629,"Reaux, Camille R.",2,Biological sciences
10.1016/j.dib.2022.108629,"Li, Jianxiong",3,Biological sciences
10.1016/j.dib.2018.10.157,"De Visser, H.",2,Biological sciences
10.1016/j.dib.2015.10.043,"Toraih, Eman A.",2,Biological sciences
10.1016/j.dib.2015.09.041,"Baglivo, Cristina",2,Engineering
10.1016/j.dib.2015.09.041,"Zacà, Ilaria",3,Engineering
10.1016/j.dib.2015.09.041,"D׳Agostino, Delia",4,Engineering
10.1016/j.dib.2017.06.002,"Mohammadbeigi, Ahmad",2,Engineering
10.1016/j.dib.2017.06.002,"Khoshgard, Karim",3,Engineering
10.1016/j.dib.2017.06.002,"Haghparast, Abbas",4,Engineering
10.1016/j.dib.2021.107104,"Wang, Jing",2,Geosciences
10.1016/j.dib.2021.107104,"Zou, Wenjun",3,Geosciences
10.1016/j.dib.2021.107104,"Yang, Bing",4,Geosciences
10.1016/j.dib.2018.08.028,"Zhou, Tian",2,Physics & Chemistry
10.1016/j.dib.2018.08.028,"Li, Na",3,Physics & Chemistry
10.1016/j.dib.2018.08.028,"Li, Huanni",4,Physics & Chemistry
10.1016/j.dib.2018.03.015,"Zheng, Hao",2,Engineering
10.1016/j.dib.2018.03.015,"Li, Yan",3,Engineering
10.1016/j.dib.2018.03.015,"Ma, Teng",4,Engineering
10.1016/j.dib.2017.08.003,"Gnanadesigan, Murugesan",2,Medical sciences
10.1016/j.dib.2017.08.003,"Kapildev, Gnanajothi",3,Medical sciences
10.1016/j.dib.2017.08.003,"Vasanth, Dhakshinamoorthy",4,Medical sciences
10.1016/j.dib.2021.106828,"Hussain, Amjad",5,Medical sciences
10.1016/j.dib.2021.107147,"Udofa, Edidiong J.",4,Medical sciences
10.1016/j.dib.2021.106976,"Torniainen, Jari",2,Biological sciences
10.1016/j.dib.2021.106976,"Paakkonen, Tommi",3,Biological sciences
10.1016/j.dib.2021.106976,"Finnilä, Mikko A.J.",5,Biological sciences
10.1016/j.dib.2021.106976,"Tanska, Petri",6,Biological sciences
10.1016/j.dib.2021.106976,"Töyräs, Juha",7,Biological sciences
10.1016/j.dib.2020.105436,"Bloisi, Domenico",2,Computer & Mathematical sciences
10.1016/j.dib.2020.105436,"Blum, Jason",3,Computer & Mathematical sciences
10.1016/j.dib.2015.11.019,"Choi, Kwang-Hwan",2,Biological sciences
10.1016/j.dib.2021.106951,"Jaszczyszyn, Yan",2,Biological sciences
10.1016/j.dib.2021.107346,"Motsi, Glenda T.",2,Engineering
10.1016/j.dib.2021.107346,"Raganya, Lerato M.",3,Engineering
10.1016/j.dib.2021.107346,"Radingoana, Precious M.",4,Engineering
10.1016/j.dib.2021.107346,"Chikosha, Silethelwe",5,Engineering
10.1016/j.dib.2022.108240,"Tofade, Samuel Oluwatobi",2,Computer & Mathematical sciences
10.1016/j.dib.2022.108240,"Ughegbe, Glory Uzuazobona",3,Computer & Mathematical sciences
10.1016/j.dib.2022.108240,"Anyasi, Francis Ifeanyi",4,Computer & Mathematical sciences
10.1016/j.dib.2022.108240,"Isabona, Joseph",5,Computer & Mathematical sciences
10.1016/j.dib.2022.108010,"Declercq, Anja",2,Social sciences & Humanities
10.1016/j.dib.2022.108010,"Delecluse, Christophe",3,Social sciences & Humanities
10.1016/j.dib.2022.108010,"Van Roie, Evelien",4,Social sciences & Humanities
10.1016/j.dib.2022.108010,"Matthijs, Koen",5,Social sciences & Humanities
10.1016/j.dib.2020.106409,"Farjami, Ali",2,Computer & Mathematical sciences
10.1016/j.dib.2020.106409,"Fuenmayor, David",3,Computer & Mathematical sciences
10.1016/j.dib.2020.106409,"Meder, Paul",4,Computer & Mathematical sciences
10.1016/j.dib.2020.106409,"Steen, Alexander",6,Computer & Mathematical sciences
10.1016/j.dib.2020.106409,"Zahoransky, Valeria",8,Computer & Mathematical sciences
10.1016/j.dib.2015.08.037,"Weber, Jessica A.",2,Medical sciences
10.1016/j.dib.2015.08.037,"Labrecque, Matthew",3,Medical sciences
10.1016/j.dib.2015.08.037,"Hessinger, Justin M.",4,Medical sciences
10.1016/j.dib.2015.08.037,"Edwards, Jeremy S.",5,Medical sciences
10.1016/j.dib.2016.02.067,"Montaño, Sarita",2,Medical sciences
10.1016/j.dib.2022.107903,"TW, Marliana",2,Biological sciences
10.1016/j.dib.2022.107903,"Awaluddin,",3,Biological sciences
10.1016/j.dib.2022.107903,"Mukharomah, Abdul Karim",4,Biological sciences
10.1016/j.dib.2021.106928,"Horst, Robter",2,Biological sciences
10.1016/j.dib.2020.106086,"Waheed, M.A.",3,Engineering
10.1016/j.dib.2020.106086,"Fayomi, O.S.I.",4,Engineering
10.1016/j.dib.2020.106086,"Nwaokocha, C.N.",8,Engineering
10.1016/j.dib.2020.105504,"Mootapally, Chandrashekar",2,Medical sciences
10.1016/j.dib.2017.06.005,"Yaqub, Rimsha",2,Physics & Chemistry
10.1016/j.dib.2020.105182,"Nass, Pricila P.",2,Biological sciences
10.1016/j.dib.2020.105182,"Fernandes, Andrêssa S.",3,Biological sciences
10.1016/j.dib.2020.105182,"Vieira, Karem R.",4,Biological sciences
10.1016/j.dib.2020.105182,"Wagner, Roger",5,Biological sciences
10.1016/j.dib.2020.106340,"Trilles, S.",2,Geosciences
10.1016/j.dib.2020.106340,"Carrion, D.",3,Geosciences
10.1016/j.dib.2020.106340,"Pérez-Albert, M.Y.",4,Geosciences
10.1016/j.dib.2018.08.152,"Moretto, Alessandra",2,Physics & Chemistry
10.1016/j.dib.2018.08.152,"Gilardoni, Ettore",3,Physics & Chemistry
10.1016/j.dib.2020.106507,"Balmert, Lauren",2,Medical sciences
10.1016/j.dib.2020.106507,"Josefson, Jami",3,Medical sciences
10.1016/j.dib.2016.07.023,"Valdivia, Anddre",2,Medical sciences
10.1016/j.dib.2016.07.023,"Hussain, Parveen",3,Medical sciences
10.1016/j.dib.2016.07.023,"Ly, Judy",4,Medical sciences
10.1016/j.dib.2016.07.023,"Gonzalez, Leslie",5,Medical sciences
10.1016/j.dib.2016.07.023,"Pearce, Daniel",7,Medical sciences
10.1016/j.dib.2018.04.030,"Théorêt, Y.",4,Biological sciences
10.1016/j.dib.2018.04.030,"Jones, G.",6,Biological sciences
10.1016/j.dib.2021.106902,"Li, Jianning",2,Computer & Mathematical sciences
10.1016/j.dib.2021.106902,"Pepe, Antonio",3,Computer & Mathematical sciences
10.1016/j.dib.2021.106902,"Gsaxner, Christina",4,Computer & Mathematical sciences
10.1016/j.dib.2021.106902,"Chilamkurthy, Sasank",5,Computer & Mathematical sciences
10.1016/j.dib.2021.106902,"Egger, Jan",6,Computer & Mathematical sciences
10.1016/j.dib.2020.105981,"Bologna, Francesco",2,Computer & Mathematical sciences
10.1016/j.dib.2020.106639,"Gustafson, Dave",2,Biological sciences
10.1016/j.dib.2020.106639,"Asseng, Senthold",3,Biological sciences
10.1016/j.dib.2020.106639,"Stöckle, Claudio O.",4,Biological sciences
10.1016/j.dib.2020.106639,"Kruse, John",5,Biological sciences
10.1016/j.dib.2020.106639,"Zhao, Chuang",6,Biological sciences
10.1016/j.dib.2020.106639,"Intrapapong, Pon",7,Biological sciences
10.1016/j.dib.2018.10.120,"Balakrishnan, Kalpana",2,Geosciences
10.1016/j.dib.2018.10.120,"Ghosh, Santu",3,Geosciences
10.1016/j.dib.2018.10.120,"Thangavel, Gurusamy",4,Geosciences
10.1016/j.dib.2018.10.120,"Stroud-Drinkwater, Sasha",5,Geosciences
10.1016/j.dib.2018.10.120,"Adair-Rohani, Heather",6,Geosciences
10.1016/j.dib.2018.10.120,"Lewis, Jessica",7,Geosciences
10.1016/j.dib.2018.10.120,"Mehta, Sumi",8,Geosciences
10.1016/j.dib.2022.108715,"Pauly, G.E.",2,Computer & Mathematical sciences
10.1016/j.dib.2022.108715,"Nascimento, L.S.",3,Computer & Mathematical sciences
10.1016/j.dib.2022.108715,"Fernandes, G.M.",4,Computer & Mathematical sciences
10.1016/j.dib.2022.108715,"Santos, M.P.",5,Computer & Mathematical sciences
10.1016/j.dib.2022.108715,"Kim, B.S.M.",6,Computer & Mathematical sciences
10.1016/j.dib.2022.108715,"Carvalho, M.U.",7,Computer & Mathematical sciences
10.1016/j.dib.2022.108715,"Figueira, R.C.L.",8,Computer & Mathematical sciences
10.1016/j.dib.2022.108715,"Cavalcante, R.M.",9,Computer & Mathematical sciences
10.1016/j.dib.2022.108715,"Grassi, M.T.",10,Computer & Mathematical sciences
10.1016/j.dib.2022.108715,"Abessa, D.M.S.",11,Computer & Mathematical sciences
10.1016/j.dib.2020.106221,"Lima, Gustavo R.",2,Computer & Mathematical sciences
10.1016/j.dib.2020.106221,"Salomão, Amanda S.",3,Computer & Mathematical sciences
10.1016/j.dib.2020.106221,"Krohling, Breno",4,Computer & Mathematical sciences
10.1016/j.dib.2020.106221,"Biral, Igor P.",5,Computer & Mathematical sciences
10.1016/j.dib.2020.106221,"De Angelo, Gabriel G.",6,Computer & Mathematical sciences
10.1016/j.dib.2020.106221,"Alves Jr, Fábio C.R.",7,Computer & Mathematical sciences
10.1016/j.dib.2020.106221,"Esgario, José G.M.",8,Computer & Mathematical sciences
10.1016/j.dib.2020.106221,"Castro, Pedro B.C.",9,Computer & Mathematical sciences
10.1016/j.dib.2020.106221,"Rodrigues, Felipe B.",10,Computer & Mathematical sciences
10.1016/j.dib.2020.106221,"Frasson, Patricia H.L.",11,Computer & Mathematical sciences
10.1016/j.dib.2020.106221,"Knidel, Helder",13,Computer & Mathematical sciences
10.1016/j.dib.2020.106221,"Santos, Maria C.S.",14,Computer & Mathematical sciences
10.1016/j.dib.2020.106221,"Do Espírito Santo, Rachel B.",15,Computer & Mathematical sciences
10.1016/j.dib.2020.106221,"Macedo, Telma L.S.G.",16,Computer & Mathematical sciences
10.1016/j.dib.2020.106221,"Canuto, Tania R.P.",17,Computer & Mathematical sciences
10.1016/j.dib.2020.106221,"De Barros, Luíz F.S.",18,Computer & Mathematical sciences
10.1016/j.dib.2020.106221,"Simora, Alana C.",19,Computer & Mathematical sciences
10.1016/j.dib.2016.07.047,"Mclure, Kevin G.",7,Medical sciences
10.1016/j.dib.2016.07.047,"Young, Peter R.",8,Medical sciences
10.1016/j.dib.2016.07.047,"Gordon, Allan",13,Medical sciences
10.1016/j.dib.2017.09.058,"De Dios Alché, Juan",7,Biological sciences
10.1016/j.dib.2018.11.078,"Smith, Quinlan B.",6,Engineering
10.1016/j.dib.2017.11.058,"Stambolsky, Dmitry V.",6,Biological sciences
10.1016/j.dib.2020.105648,"Sizikov, A.A.",6,Physics & Chemistry
10.1016/j.dib.2020.105648,"Alipour, E.",7,Physics & Chemistry
10.1016/j.dib.2020.105648,"Ghourchian, H.",8,Physics & Chemistry
10.1016/j.dib.2020.105648,"Sorokin, G.M.",9,Physics & Chemistry
10.1016/j.dib.2020.105648,"Nikitin, A.I.",12,Physics & Chemistry
10.1016/j.dib.2018.01.093,"Langlois, P.",6,Engineering
10.1016/j.dib.2018.01.093,"Vrel, D.",7,Engineering
10.1016/j.dib.2018.01.093,"Trzaska, Z.",8,Engineering
10.1016/j.dib.2020.105693,"Zhao, Tianjie",5,Geosciences
10.1016/j.dib.2020.105693,"Zhao, Shaojie",6,Geosciences
10.1016/j.dib.2020.105693,"Chai, Linna",7,Geosciences
10.1016/j.dib.2019.104229,"Krautz, Robert",5,Medical sciences
10.1016/j.dib.2020.106333,"Huang, Xiaobin",4,Engineering
10.1016/j.dib.2022.108237,"Astrié, Daniel",4,Geosciences
10.1016/j.dib.2016.08.041,"Sawanishi, Mayumi",3,Medical sciences
10.1016/j.dib.2021.107190,"Gobbo, Silvano Del",3,Physics & Chemistry
10.1016/j.dib.2016.01.005,"Lee, Johnny K.",3,Medical sciences
10.1016/j.dib.2015.12.001,"Bhardwaj, Priya",3,Biological sciences
10.1016/j.dib.2016.11.029,"He, Yu",3,Biological sciences
10.1016/j.dib.2016.12.019,"Villamarín, Xando Diaz-",3,Medical sciences
10.1016/j.dib.2016.12.019,"Frías, Pablo Toledo",5,Medical sciences
10.1016/j.dib.2016.12.019,"Huertas, Susana Martínez",6,Medical sciences
10.1016/j.dib.2016.12.019,"Gómez, Francisco Burillo",7,Medical sciences
10.1016/j.dib.2016.12.019,"Borrego, Juan Caballero",8,Medical sciences
10.1016/j.dib.2016.12.019,"Guzmán, Mª Carmen Marín",9,Medical sciences
10.1016/j.dib.2016.12.019,"Hernández, José Antonio Ramirez",10,Medical sciences
10.1016/j.dib.2016.12.019,"Vilches, Concepción Correa",11,Medical sciences
10.1016/j.dib.2016.12.019,"Barrera, Jose Cabeza",12,Medical sciences
10.1016/j.dib.2016.12.019,"Pavés, Alicia Bautista",13,Medical sciences
10.1016/j.dib.2022.108686,"Kanduč, Tjaša",4,Geosciences
10.1016/j.dib.2021.106794,"Lv, Yaping",8,Geosciences
10.1016/j.dib.2021.106794,"Triantafyllou, Efthimia",10,Geosciences
10.1016/j.dib.2021.106794,"Dalahmeh, Sahar",15,Geosciences
10.1016/j.dib.2021.106794,"Ganesapillai, Mahesh",22,Geosciences
10.1016/j.dib.2021.107631,"Nezarat, Amin",3,Computer & Mathematical sciences
10.1016/j.dib.2021.107631,"Ol’Ha, Jaroslav",4,Computer & Mathematical sciences
10.1016/j.dib.2021.107631,"Petrovič, Filip",5,Computer & Mathematical sciences
10.1016/j.dib.2017.03.042,"Rabenstein, Michael",3,Biological sciences
10.1016/j.dib.2020.106003,"Lunnan, Tor",3,Social sciences & Humanities
10.1016/j.dib.2018.01.019,"Schnare, John W.",3,Biological sciences
10.1016/j.dib.2016.06.004,"Hussain, Manzoor",3,Engineering
10.1016/j.dib.2016.08.022,"Vale, Gabriel T.",4,Medical sciences
10.1016/j.dib.2015.12.056,"Chen, Da-Chung",9,Engineering
10.1016/j.dib.2016.06.009,"Campanile, Giuseppe",10,Physics & Chemistry
10.1016/j.dib.2016.02.052,"Suyama, Jumpei",7,Medical sciences
10.1016/j.dib.2022.108079,"Efremova, Tatiana",4,Geosciences
10.1016/j.dib.2022.108079,"Efremenko, Natalya",5,Geosciences
10.1016/j.dib.2022.108079,"Kulik, Natalia",6,Geosciences
10.1016/j.dib.2018.08.148,"Jiang, Ye-Fei",6,Physics & Chemistry
10.1016/j.dib.2018.07.036,"Madariaga, I.",7,Social sciences & Humanities
10.1016/j.dib.2021.106950,"Maralani, Pejman Jabehdar",1,Medical sciences
10.1016/j.dib.2020.105277,"Taher, Mohamed Kadry",1,Medical sciences
10.1016/j.dib.2022.107919,"Huang, Zelu",1,Biological sciences
10.1016/j.dib.2020.106130,"Zhi, Hui",6,Medical sciences
10.1016/j.dib.2020.105635,"Zyubin, Andrey",7,Geosciences
10.1016/j.dib.2017.09.060,"Gajdošik Šrajer, Martina",1,Physics & Chemistry
10.1016/j.dib.2015.08.014,"Vittoria Spanedda, Maria",1,Physics & Chemistry
10.1016/j.dib.2016.05.022,"Blum-Silva, Carlos Henrique",1,Medical sciences
10.1016/j.dib.2016.05.022,"Sandjo, Louis Pergaud",7,Medical sciences
10.1016/j.dib.2018.10.119,"Araújo, Hallysson Douglas Andrade De",1,Physics & Chemistry
10.1016/j.dib.2018.10.119,"Silva, Nicácio Henrique Da",7,Physics & Chemistry
10.1016/j.dib.2018.10.115,"Da Silva, Elisangela Gomes",1,Medical sciences
10.1016/j.dib.2018.10.115,"Freiria-Oliveira, André Henrique",8,Medical sciences
10.1016/j.dib.2018.12.027,"Zauki, Nurul Ashikin Mat",1,Geosciences
10.1016/j.dib.2020.106636,"Couto, Antonio",1,Geosciences
10.1016/j.dib.2017.05.049,"Srivastava, Roshni",1,Biological sciences
10.1016/j.dib.2018.01.085,"Hammi, Khaoula Mkadmini",1,Biological sciences
10.1016/j.dib.2020.105776,"Álvarez-Ruiz, Rodrigo",1,Physics & Chemistry
10.1016/j.dib.2019.104050,"Elaine Hardman, W.",1,Medical sciences
10.1016/j.dib.2017.05.043,"Alyea, Rebecca",2,Medical sciences
10.1016/j.dib.2021.106721,"Prakash, Ramachandran Loganathan Mohan",1,Biological sciences
10.1016/j.dib.2019.104483,"Fosbøl, Philip",1,Engineering
10.1016/j.dib.2019.104483,"Knarvik, Anette",6,Engineering
10.1016/j.dib.2019.104483,"Flø, Nina",7,Engineering
10.1016/j.dib.2018.08.086,"Delandar, Arash Hosseinzadeh",1,Physics & Chemistry
10.1016/j.dib.2015.09.046,"Omar, Mohammed Yaseer",1,Engineering
10.1016/j.dib.2020.105842,"Fadaleh, Sarah Abu",1,Medical sciences
10.1016/j.dib.2021.107057,"Shafiey, Hassan",2,Biological sciences
10.1016/j.dib.2018.01.010,"Sani, Reza Narenji",1,Medical sciences
10.1016/j.dib.2019.103799,"Mendonça Lopes, Mariana Garcia",1,Engineering
10.1016/j.dib.2018.10.098,"Casiraghi, Antonella",2,Medical sciences
10.1016/j.dib.2022.108296,"Mayol, Francisco",4,Social sciences & Humanities
10.1016/j.dib.2020.105925,"Fancello, Dario",2,Geosciences
10.1016/j.dib.2020.105925,"Langone, Antonio",5,Geosciences
10.1016/j.dib.2018.02.017,"Huntley, John W.",7,Geosciences
10.1016/j.dib.2018.03.092,"Ban, Dong-Kyun",1,Engineering
10.1016/j.dib.2019.103928,"Chen, Qinglu",1,Physics & Chemistry
10.1016/j.dib.2022.108109,"Mohammad Abushariah, A.M.",4,Biological sciences
10.1016/j.dib.2016.01.008,"Kaysheva, A.L.",3,Biological sciences
10.1016/j.dib.2016.01.008,"Kotova, N.V.",4,Biological sciences
10.1016/j.dib.2020.105529,"Bernal, Sergio",1,Medical sciences
10.1016/j.dib.2017.02.047,"Chaar, Wafi",1,Biological sciences
10.1016/j.dib.2017.04.059,"Desai, Mohit",1,Social sciences & Humanities
10.1016/j.dib.2021.106836,"Więckowski, Jędrzej",1,Engineering
10.1016/j.dib.2016.04.012,"González Seligra, Paula",1,Engineering
10.1016/j.dib.2016.12.041,"Choi, Daesik",3,Biological sciences
10.1016/j.dib.2021.106810,"Piñeros, Juan",1,Engineering
10.1016/j.dib.2021.107458,"Kusumiyati, Kusumiyati",1,Biological sciences
10.1016/j.dib.2016.01.042,"Cohn, Ofir",1,Biological sciences
10.1016/j.dib.2021.106877,"An, Sihyun",3,Social sciences & Humanities
10.1016/j.dib.2018.04.118,"De Oca, Claudia Sosa-Montes",1,Geosciences
10.1016/j.dib.2019.104750,"Kietselaer, Bas",6,Medical sciences
10.1016/j.dib.2019.104750,"Oude Ophuis, Anton J.",8,Medical sciences
10.1016/j.dib.2019.104750,"De Winter, Robbert J.",9,Medical sciences
10.1016/j.dib.2021.106765,"Chen, Xueming",3,Social sciences & Humanities
10.1016/j.dib.2021.106765,"Liu, Xiaorui",4,Social sciences & Humanities
10.1016/j.dib.2020.106120,"Danish-Daniel, Abdullah Muhd",3,Biological sciences
10.1016/j.dib.2020.106120,"Oladimeji, Abraham Sunday",4,Biological sciences
10.1016/j.dib.2020.106120,"Abol-Munafi, Ambok Bolong",5,Biological sciences
10.1016/j.dib.2020.106120,"Alabi, Korede Isaiah",6,Biological sciences
10.1016/j.dib.2020.106545,"Domracheva, Ilona",3,Physics & Chemistry
10.1016/j.dib.2020.106545,"Pikun, Nadiia",5,Physics & Chemistry
10.1016/j.dib.2020.106545,"Duburs, Gunars",7,Physics & Chemistry
10.1016/j.dib.2021.107158,"Lytle, Marisa N.",1,Social sciences & Humanities
10.1016/j.dib.2020.105579,"Ávila-Torres, Yenny",1,Engineering
10.1016/j.dib.2020.105579,"Valencia, Hoover",4,Engineering
10.1016/j.dib.2020.105579,"Flórez-López, Edwin",5,Engineering
10.1016/j.dib.2021.107432,"Zucca, Susanna",3,Biological sciences
10.1016/j.dib.2021.107432,"Poloni, Tino Emanuele",8,Biological sciences
10.1016/j.dib.2021.107491,"Vandermark, Erik",3,Biological sciences
10.1016/j.dib.2021.107491,"Qian, Yueming",5,Biological sciences
10.1016/j.dib.2021.107491,"Chelius, Cynthia",6,Biological sciences
10.1016/j.dib.2021.107491,"Pendse, Girish",9,Biological sciences
10.1016/j.dib.2015.12.046,"Amiri, Bagher Mojazi",6,Biological sciences
10.1016/j.dib.2020.105961,"Majdi, Hasan Sh",1,Engineering
10.1016/j.dib.2020.105961,"Masoodi, Zainab Al",7,Engineering
10.1016/j.dib.2020.105961,"Hashim, Khalid",9,Engineering
10.1016/j.dib.2016.01.031,"Zglinicki, Thomas Von",3,Biological sciences
10.1016/j.dib.2017.06.026,"Hatanaka, Rafael R.",3,Physics & Chemistry
10.1016/j.dib.2019.104766,"Dong, Anh Vo",1,Engineering
10.1016/j.dib.2016.07.032,"Gupta, Nidhi",1,Biological sciences
10.1016/j.dib.2020.106190,"Sourav, Shah Nur Alam",1,Engineering
10.1016/j.dib.2020.105990,"Lee, Hyuna",1,Biological sciences
10.1016/j.dib.2021.106766,"Loewenstein, Wilhelm",2,Social sciences & Humanities
10.1016/j.dib.2020.106050,"Deng, Elijah Achuoth",2,Geosciences
10.1016/j.dib.2016.02.056,"Ciocci Pardo, Alejandro",1,Medical sciences
10.1016/j.dib.2020.105755,"Ayejuyo, Olusegun O.",2,Geosciences
10.1016/j.dib.2018.10.017,"Koekkoek, W.A.C.",1,Medical sciences
10.1016/j.dib.2018.11.066,"Dos Santos, Jaqueline",1,Geosciences
10.1016/j.dib.2016.11.051,"Colby Hunter, M.",1,Medical sciences
10.1016/j.dib.2022.108125,"Taborda, Maria Jaramillo",2,Engineering
10.1016/j.dib.2022.108334,"Simmons-Ehrhardt, Terrie L.",1,Medical sciences
10.1016/j.dib.2022.108298,"Jiwa, Shakil",2,Geosciences
10.1016/j.dib.2022.108611,"Ghogare, Rishikesh",4,Biological sciences
10.1016/j.dib.2022.108611,"Oraguzie, Nnadozie",5,Biological sciences
10.1016/j.dib.2022.108611,"Whiting, Matthew",6,Biological sciences
10.1016/j.dib.2022.108611,"Meisel, Lee A.",7,Biological sciences
10.1016/j.dib.2022.108611,"Silva, Herman",8,Biological sciences
10.1016/j.dib.2020.106677,"Sanches, Monique Lalue",1,Medical sciences
10.1016/j.dib.2020.106677,"Turco, Edson Guimarães Lo",3,Medical sciences
10.1016/j.dib.2020.106677,"Moraes, Luís Otávio Carvalho De",6,Medical sciences
10.1016/j.dib.2021.106763,"Quarta, Eros",1,Medical sciences
10.1016/j.dib.2016.03.059,"Szabó, Gábor",3,Biological sciences
10.1016/j.dib.2020.105847,"Milanes, C.B.",3,Geosciences
10.1016/j.dib.2019.104145,"Yi, Huicheng",1,Engineering
10.1016/j.dib.2020.105871,"Zhang, Zixiang",5,Physics & Chemistry
10.1016/j.dib.2021.107279,"Beksisa, Jemal",3,Medical sciences
10.1016/j.dib.2021.107279,"Feyisa, Jilcha Diribi",4,Medical sciences
10.1016/j.dib.2020.106664,"Eniola, Jamiu O",3,Geosciences
10.1016/j.dib.2015.06.008,"Chen, Eric",2,Medical sciences
10.1016/j.dib.2015.06.008,"Bajnath, Adesh",3,Medical sciences
10.1016/j.dib.2018.09.119,"Dufosse, Karine",3,Social sciences & Humanities
10.1016/j.dib.2018.09.119,"Maury, Olivier",4,Social sciences & Humanities
10.1016/j.dib.2022.107926,"Groselj, Blaz",3,Medical sciences
10.1016/j.dib.2022.107926,"Sikonja, Jaka",4,Medical sciences
10.1016/j.dib.2017.06.012,"Henß, Anja",1,Engineering
10.1016/j.dib.2016.05.077,"Franco Brochado, Maria José",1,Biological sciences
10.1016/j.dib.2016.05.077,"Saloum Deghaide, Neifi Hassan",3,Biological sciences
10.1016/j.dib.2019.104063,"China, Hideyasu",1,Physics & Chemistry
10.1016/j.dib.2019.104063,"Samura, Kazuki",3,Physics & Chemistry
10.1016/j.dib.2019.104063,"Kikushima, Kotaro",4,Physics & Chemistry
10.1016/j.dib.2020.106315,"Khan, Mohammad Forrukh Hossain",2,Biological sciences
10.1016/j.dib.2020.106315,"Hossain, Md. Alam",5,Biological sciences
10.1016/j.dib.2020.106635,"Benini, Sergio",1,Medical sciences
10.1016/j.dib.2020.106635,"Savardi, Mattia",3,Medical sciences
10.1016/j.dib.2020.106635,"Krsic, Jelena",4,Medical sciences
10.1016/j.dib.2020.105572,"Garcia, Simone Aparecida De Bessa",1,Biological sciences
10.1016/j.dib.2022.107892,"Tanaka, Takehiro",1,Computer & Mathematical sciences
10.1016/j.dib.2014.12.001,"Muthu Selvam, Ramu",1,Biological sciences
10.1016/j.dib.2014.12.001,"Narmatha Devi, Palraj",3,Biological sciences
10.1016/j.dib.2014.12.001,"Bhuvana Shree, R.S.",4,Biological sciences
10.1016/j.dib.2014.12.001,"Valar Nila, Murugesan",5,Biological sciences
10.1016/j.dib.2014.12.001,"Jeya Maheshwari, Jayapal",8,Biological sciences
10.1016/j.dib.2014.12.001,"Venkatesh Prajna, Namperumalsamy",9,Biological sciences
10.1016/j.dib.2020.106657,"Shparberg, Rachel",1,Biological sciences
10.1016/j.dib.2021.107188,"Wellby, Martin P.",3,Medical sciences
10.1016/j.dib.2021.107188,"Barrell, Graham K.",4,Medical sciences
10.1016/j.dib.2021.107084,"Reynaga, Diana K. Moreiras",1,Geosciences
10.1016/j.dib.2021.107084,"Balderas, Ximena Chávez",3,Geosciences
10.1016/j.dib.2021.107084,"Berrelleza, Juan A. Román",4,Geosciences
10.1016/j.dib.2021.107084,"Luján, Leonardo López",5,Geosciences
10.1016/j.dib.2020.105348,"Ramanathan, Keerthana",2,Biological sciences
10.1016/j.dib.2019.104476,"Amiri, Nasim Mozafari",2,Geosciences
10.1016/j.dib.2019.104476,"Alfimov, Vasily",4,Geosciences
10.1016/j.dib.2020.105766,"Tate, Hayato",2,Biological sciences
10.1016/j.dib.2020.105732,"Martínez-Rodríguez, Pablo",1,Biological sciences
10.1016/j.dib.2018.01.028,"Yang, Jun",1,Biological sciences
10.1016/j.dib.2022.108502,"Raza, Syed Arshad",1,Social sciences & Humanities
10.1016/j.dib.2022.108502,"Butt, Farhan Muhammad",3,Social sciences & Humanities
10.1016/j.dib.2022.108502,"Elahi, Muhammad Ather",4,Social sciences & Humanities
10.1016/j.dib.2022.108502,"Minhas, Khurram Shahid",5,Social sciences & Humanities
10.1016/j.dib.2020.105752,"Kerfoot, John",1,Geosciences
10.1016/j.dib.2022.108121,"Abdou, Aly",2,Social sciences & Humanities
10.1016/j.dib.2022.108121,"Kazmina, Yuliia",3,Social sciences & Humanities
10.1016/j.dib.2022.108121,"Regős, Nóra",4,Social sciences & Humanities
10.1016/j.dib.2021.106781,"Nizar, Nur Marahaini Mohd",1,Biological sciences
10.1016/j.dib.2021.106781,"Sinin, Siti Sarah Mohd",3,Biological sciences
10.1016/j.dib.2021.106781,"Suhairi, Tengku Adhwa Syaherah Tengku Mohd",5,Biological sciences
10.1016/j.dib.2020.106010,"Li, Gui-Feng",1,Medical sciences
10.1016/j.dib.2020.106010,"Wang, Tiang-Cong",3,Medical sciences
10.1016/j.dib.2020.106010,"Zhang, Cai-Xia",4,Medical sciences
10.1016/j.dib.2020.106010,"Zhang, Jian-Yun",5,Medical sciences
10.1016/j.dib.2020.106010,"Chen, Jin-Dong",6,Medical sciences
10.1016/j.dib.2020.106010,"Cheng, Ye",7,Medical sciences
10.1016/j.dib.2020.106010,"Liu, Chao",9,Medical sciences
10.1016/j.dib.2020.105980,"Suárez-López, José R.",2,Biological sciences
10.1016/j.dib.2016.09.043,"Balabaev, Nikolai K.",2,Biological sciences
10.1016/j.dib.2020.105876,"Hwang, Brian J.",2,Engineering
10.1016/j.dib.2020.105876,"Mathur, Anil K.",3,Engineering
10.1016/j.dib.2020.105876,"Mills, Kelly A.",4,Engineering
10.1016/j.dib.2020.105876,"Pantelyat, Alexander Y.",5,Engineering
10.1016/j.dib.2020.105876,"Bang, Jee A.",6,Engineering
10.1016/j.dib.2020.105876,"Syed, Alveena B.",7,Engineering
10.1016/j.dib.2020.105876,"Vyas, Pankhuri",8,Engineering
10.1016/j.dib.2020.105876,"Jamal, Armaan",9,Engineering
10.1016/j.dib.2020.105876,"Ziegelman, Liran",10,Engineering
10.1016/j.dib.2020.105876,"Hernandez, Manuel E.",11,Engineering
10.1016/j.dib.2020.105876,"Wong, Dean F.",12,Engineering
10.1016/j.dib.2020.105876,"Martin, Samuel D.",14,Engineering
10.1016/j.dib.2020.105830,"Wei, Wei",1,Computer & Mathematical sciences
10.1016/j.dib.2021.106975,"Estebenet, M. Sol González",2,Geosciences
10.1016/j.dib.2021.106975,"Panera, Juan Pablo Pérez",7,Geosciences
10.1016/j.dib.2018.04.063,"Geer Wallace, M. Ariel",1,Physics & Chemistry
10.1016/j.dib.2015.11.050,"Xu, Feng",1,Medical sciences
10.1016/j.dib.2019.104937,"Zanjani, Saeedeh Mokarian",1,Engineering
10.1016/j.dib.2020.105680,"Liêu, Minh-Lý",1,Social sciences & Humanities
10.1016/j.dib.2019.104140,"Montes-Mercado, Karen Sofia",2,Biological sciences
10.1016/j.dib.2020.106681,"Valderrama, Jaime Martínez",5,Geosciences
10.1016/j.dib.2021.107323,"Azizi, Seyed Mohammad Mirsoleimani",2,Geosciences
10.1016/j.dib.2021.107323,"Dhar, Bipro Ranjan",5,Geosciences
10.1016/j.dib.2020.106429,"Balkeståhl, Li Pöder",2,Engineering
10.1016/j.dib.2021.107653,"Shivdasani, Priyanka",2,Biological sciences
10.1016/j.dib.2019.104132,"Corbin, Nadège",5,Medical sciences
10.1016/j.dib.2018.05.139,"La Russa, Daniele",5,Medical sciences
10.1016/j.dib.2016.08.050,"Saba, Luca",3,Biological sciences
10.1016/j.dib.2022.107822,"Valldeoriola Cardó, Anna",4,Biological sciences
10.1016/j.dib.2020.106403,"Squadrito, Gaetano",1,Biological sciences
10.1016/j.dib.2020.106403,"Cristiani, Pierangela', ""D'Ippolito, Giuliana"", 'Tucci, Matteo",2,Biological sciences
10.1016/j.dib.2016.05.020,"Nikulin, Alexey D.",5,Biological sciences
10.1016/j.dib.2018.03.100,"Guillong, Marcel",2,Geosciences
10.1016/j.dib.2018.03.100,"Bachmann, Olivier",5,Geosciences
10.1016/j.dib.2021.107619,"Shevelev, Oleg B.",2,Biological sciences
10.1016/j.dib.2021.107619,"Kisaretova, Polina E.",3,Biological sciences
10.1016/j.dib.2018.01.094,"Li, Hao-Ran",2,Physics & Chemistry
10.1016/j.dib.2017.03.033,"Wang, Yuping",3,Biological sciences
10.1016/j.dib.2017.03.033,"Wang, Yue",5,Biological sciences
10.1016/j.dib.2017.03.033,"Lv, Li",6,Biological sciences
10.1016/j.dib.2021.107607,"Afifudeen, C. L. Wan",1,Biological sciences
10.1016/j.dib.2021.107607,"Loh, Saw Hong",2,Biological sciences
10.1016/j.dib.2021.107607,"Wahid, Mohd Effendy Abd",6,Biological sciences
10.1016/j.dib.2021.107420,"Pendse, Salil N.",3,Biological sciences
10.1016/j.dib.2021.107420,"Streicker, Michael",5,Biological sciences
10.1016/j.dib.2021.107600,"Huemmrich, Karl",3,Biological sciences
10.1016/j.dib.2021.107600,"Ward, Lauren",4,Biological sciences
10.1016/j.dib.2021.107600,"Julitta, Tommaso",5,Biological sciences
10.1016/j.dib.2021.107600,"Daughtry, Craig",8,Biological sciences
10.1016/j.dib.2021.107600,"Alfieri, Joseph",9,Biological sciences
10.1016/j.dib.2021.107600,"Kustas, William",10,Biological sciences
10.1016/j.dib.2021.107600,"Russ, Andrew",11,Biological sciences
10.1016/j.dib.2018.12.033,"Gramec Skledar, Darja",1,Medical sciences
10.1016/j.dib.2018.12.033,"Peterlin Mašič, Lucija",7,Medical sciences
10.1016/j.dib.2019.104313,"Allahham, Mhd Saria', ""Al-Sa'D, Mohammad F."", 'Al-Ali, Abdulla",1,Engineering
10.1016/j.dib.2022.108198,"Ho, Huong Xuan",2,Social sciences & Humanities
10.1016/j.dib.2020.105335,"Zarzar Gandler, Gabriela",3,Computer & Mathematical sciences
10.1016/j.dib.2020.105335,"Exner, Johannes",4,Computer & Mathematical sciences
10.1016/j.dib.2020.105335,"Kragic, Danica",6,Computer & Mathematical sciences
10.1016/j.dib.2020.105544,"Utsumi, Shinto",2,Biological sciences
10.1016/j.dib.2020.105544,"Tanaka, Makoto",4,Biological sciences
10.1016/j.dib.2020.105544,"Sugano, Eriko",6,Biological sciences
10.1016/j.dib.2022.108255,"Gómez, José Manuel",2,Medical sciences
10.1016/j.dib.2022.108255,"Boado, Lorena Analia",3,Medical sciences
10.1016/j.dib.2022.108255,"Vojnov, Adrián Alberto",4,Medical sciences
10.1016/j.dib.2022.108255,"Jensen, Oscar",7,Medical sciences
10.1016/j.dib.2022.108255,"Gertiser, Maria Laura",8,Medical sciences
10.1016/j.dib.2021.106770,"Berger, Mai",4,Medical sciences
10.1016/j.dib.2021.106770,"Campbell, Mackenzie",6,Medical sciences
10.1016/j.dib.2021.106770,"Lee, Yi Jui",11,Medical sciences
10.1016/j.dib.2021.106770,"Carson, Natasha",13,Medical sciences
10.1016/j.dib.2021.106770,"Jeyaratnam, Jecika",14,Medical sciences
10.1016/j.dib.2021.107447,"Ng'Andwe, Phillimon"", 'Chungu, Donald",1,Biological sciences
10.1016/j.dib.2019.104067,"Ch'Ng, Eugene"", 'Cai, Shengdan",1,Social sciences & Humanities
10.1016/j.dib.2018.11.048,"Alfiero, Simona",1,Social sciences & Humanities
10.1016/j.dib.2018.11.048,"Esposito, Alfredo",2,Social sciences & Humanities
10.1016/j.dib.2020.105224,"Reynolds, Jess E.",1,Medical sciences
10.1016/j.dib.2020.105224,"Long, Xiangyu",2,Medical sciences
10.1016/j.dib.2020.105224,"Bagshawe, Mercedes",4,Medical sciences
10.1016/j.dib.2020.106289,"Fakra, Damien Ali Hamada",1,Engineering
10.1016/j.dib.2020.106289,"José, Blazquez Recio Alfonso",2,Engineering
10.1016/j.dib.2020.106289,"Randriantsoa, Ando Ny Aina",4,Engineering
10.1016/j.dib.2022.108448,"Talik, S.",1,Engineering
10.1016/j.dib.2022.108448,"Claeys, M.",2,Engineering
10.1016/j.dib.2022.108448,"Banvillet, A.",4,Engineering
10.1016/j.dib.2016.06.020,"Li, Fahui",2,Medical sciences
10.1016/j.dib.2016.06.020,"Wang, Yi",4,Medical sciences
10.1016/j.dib.2016.06.020,"Xu, Xuelian",6,Medical sciences
10.1016/j.dib.2016.06.020,"Zhai, Lei",8,Medical sciences
10.1016/j.dib.2016.06.020,"Zhang, Nan",12,Medical sciences
10.1016/j.dib.2016.06.020,"Zhang, Guangjie",14,Medical sciences
10.1016/j.dib.2018.08.098,"Zeng, Chenghui",1,Physics & Chemistry
10.1016/j.dib.2018.08.098,"Zheng, Kai",2,Physics & Chemistry
10.1016/j.dib.2018.08.098,"Li, Hao-Ran",4,Physics & Chemistry
10.1016/j.dib.2018.08.098,"Zhao, Zhi-Peng",5,Physics & Chemistry
10.1016/j.dib.2018.08.098,"Zhong, Shengliang",6,Physics & Chemistry
10.1016/j.dib.2020.105773,"Leite, Daniel",1,Biological sciences
10.1016/j.dib.2020.105773,"Vasconcelos, Edson",2,Biological sciences
10.1016/j.dib.2020.105773,"Freitas, Natan",4,Biological sciences
10.1016/j.dib.2020.105773,"Miranda, George",5,Biological sciences
10.1016/j.dib.2016.05.073,"Mi, J.",3,Geosciences
10.1016/j.dib.2016.05.073,"Lind, S. Bergström",6,Geosciences
10.1016/j.dib.2018.05.059,"Basak, Chandramallika",1,Medical sciences
10.1016/j.dib.2018.05.059,"Qin, Shuo",2,Medical sciences
10.1016/j.dib.2018.05.059,"O’Connell, Margaret A.",4,Medical sciences
10.1016/j.dib.2015.12.021,"Sagaradze, Georgiy",2,Biological sciences
10.1016/j.dib.2018.05.113,"Chung Phan, Thuy",1,Social sciences & Humanities
10.1016/j.dib.2018.05.113,"Oliver Rieger, Marc",2,Social sciences & Humanities
10.1016/j.dib.2017.06.047,"Martinez, Lina M.",1,Social sciences & Humanities
10.1016/j.dib.2022.108624,"Ngono, Estelle Huguette O.",2,Computer & Mathematical sciences
10.1016/j.dib.2022.108481,"Köhler, Anne', ""Wanger O'Neill, Anneli"", 'Rabiger-Völlmer, Johannes",1,Social sciences & Humanities
10.1016/j.dib.2016.03.004,"Bottillo, Irene",1,Biological sciences
10.1016/j.dib.2016.03.004,"D’Angelantonio, Daniela",2,Biological sciences
10.1016/j.dib.2016.03.004,"Caputo, Viviana",3,Biological sciences
10.1016/j.dib.2019.104433,"Li, Dongjing",1,Engineering
10.1016/j.dib.2019.104433,"Liu, Jianghua",2,Engineering
10.1016/j.dib.2019.104433,"Wang, Yang",3,Engineering
10.1016/j.dib.2016.05.046,"Ludovico, Ivo Díaz",7,Biological sciences
10.1016/j.dib.2021.107127,"Ferrer-Cid, Pau",2,Geosciences
10.1016/j.dib.2020.105654,"Raditya, M. Nova",1,Medical sciences
10.1016/j.dib.2020.105654,"Bagus, A.M. Made",2,Medical sciences
10.1016/j.dib.2020.105654,"Kustiati, Ulayatul",3,Medical sciences
10.1016/j.dib.2020.105409,"Delosière, Mylène",1,Biological sciences
10.1016/j.dib.2020.105409,"Thomas, Agnès",2,Biological sciences
10.1016/j.dib.2020.105409,"Terlouw, Claudia E.M.",3,Biological sciences
10.1016/j.dib.2016.02.026,"Wu, Guowei",1,Engineering
10.1016/j.dib.2019.104126,"Fu, Lin",2,Physics & Chemistry
10.1016/j.dib.2019.104126,"Jia, Xiaoning",3,Physics & Chemistry
10.1016/j.dib.2016.01.012,"Dias Lopes, Luiz Gustavo",1,Engineering
10.1016/j.dib.2016.01.012,"De Brito, Tarcísio Gonçalves",2,Engineering
10.1016/j.dib.2016.01.012,"De Paiva, Anderson Paulo",3,Engineering
10.1016/j.dib.2020.106294,"Fisher, Hailey",1,Engineering
10.1016/j.dib.2020.106294,"Woolard, Payton",2,Engineering
10.1016/j.dib.2020.106294,"Ross, Colton",3,Engineering
10.1016/j.dib.2021.106792,"Jeong, Do Hyun",1,Geosciences
10.1016/j.dib.2021.106792,"Jeong, Wooyoung",2,Geosciences
10.1016/j.dib.2021.106792,"Baeg, Saehun",3,Geosciences
10.1016/j.dib.2022.108547,"Sotsial, Zhuldyz",2,Computer & Mathematical sciences
10.1016/j.dib.2022.108547,"Salkenov, Aldiyar",3,Computer & Mathematical sciences
10.1016/j.dib.2022.108547,"Omirgaliyev, Ruslan",4,Computer & Mathematical sciences
10.1016/j.dib.2020.105835,"Cama-Pinto, Dora",1,Engineering
10.1016/j.dib.2020.105835,"Chávez-Muñoz, Pastor David",2,Engineering
10.1016/j.dib.2020.105835,"Solano-Escorcia, Andres Felipe",3,Engineering
10.1016/j.dib.2018.09.067,"Oliveira, Bruno Sales",1,Engineering
10.1016/j.dib.2018.09.067,"D’Anzicourt, Camila Maria De Souza",2,Engineering
10.1016/j.dib.2018.09.067,"Soares, Cleide Mara Faria",3,Engineering
10.1016/j.dib.2018.09.067,"Lima, Álvaro Silva",5,Engineering
10.1016/j.dib.2019.103886,"Dodd, Steven",1,Biological sciences
10.1016/j.dib.2019.103886,"Varro, Andrea",2,Biological sciences
10.1016/j.dib.2019.103886,"Pritchard, D. Mark",3,Biological sciences
10.1016/j.dib.2022.108460,"Setiawaty, Vivi",1,Medical sciences
10.1016/j.dib.2022.108460,"Fitriana, Fitriana",8,Medical sciences
10.1016/j.dib.2022.108460,"Safari, Dodi",9,Medical sciences
10.1016/j.dib.2022.108460,"Pratama, Rahadian",10,Medical sciences
10.1016/j.dib.2022.108460,"Lienggonegoro, Lisa Andriani",11,Medical sciences
10.1016/j.dib.2022.108460,"Sunarno, Sunarno",12,Medical sciences
10.1016/j.dib.2020.105938,"Noncent, David",1,Geosciences
10.1016/j.dib.2020.105938,"Némery, Julien",3,Geosciences
10.1016/j.dib.2020.105938,"Thanh-Nho, Nguyen",4,Geosciences
10.1016/j.dib.2020.105938,"Denis, Hervé",5,Geosciences
10.1016/j.dib.2020.105938,"Nguyen, Truong An",8,Geosciences
10.1016/j.dib.2020.105938,"Marchand, Cyril",9,Geosciences
10.1016/j.dib.2020.105938,"Tran, Anh Tu",11,Geosciences
10.1016/j.dib.2020.105938,"Aimé, Joanne",12,Geosciences
10.1016/j.dib.2020.105938,"Dinh, Quoc Tuc",14,Geosciences
10.1016/j.dib.2020.105938,"Nguyen, Phuoc Dan",15,Geosciences
10.1016/j.dib.2020.105938,"Nguyen, Thi Ngoc Tuyet",16,Geosciences
10.1016/j.dib.2017.10.063,"Matsunami, Masatoshi",1,Biological sciences
10.1016/j.dib.2017.10.063,"Endo, Daiji",2,Biological sciences
10.1016/j.dib.2017.10.063,"Saitou, Naruya",3,Biological sciences
10.1016/j.dib.2017.10.063,"Suzuki, Hitoshi",4,Biological sciences
10.1016/j.dib.2019.104972,"Ali, Badusha Mohamad",1,Engineering
10.1016/j.dib.2019.104972,"Boothapandi, Madakkannu",2,Engineering
10.1016/j.dib.2022.108248,"Arranz, Ignasi",1,Computer & Mathematical sciences
10.1016/j.dib.2022.108248,"Brucet, Sandra",2,Computer & Mathematical sciences
10.1016/j.dib.2022.108248,"Bartrons, Mireia",3,Computer & Mathematical sciences
10.1016/j.dib.2022.108248,"García-Comas, Carmen",4,Computer & Mathematical sciences
10.1016/j.dib.2022.108248,"Alcaraz, Carles",5,Computer & Mathematical sciences
10.1016/j.dib.2022.108248,"Bardina, Mònica",6,Computer & Mathematical sciences
10.1016/j.dib.2022.108248,"Barquero, Patricia Navarro",7,Computer & Mathematical sciences
10.1016/j.dib.2022.108248,"Duran, María Concepción",10,Computer & Mathematical sciences
10.1016/j.dib.2022.108248,"Maceda-Veiga, Alberto",12,Computer & Mathematical sciences
10.1016/j.dib.2022.108248,"Munné, Antoni",13,Computer & Mathematical sciences
10.1016/j.dib.2022.108248,"Rodríguez-Pérez, María José",14,Computer & Mathematical sciences
10.1016/j.dib.2022.108248,"Benejam, Lluís",17,Computer & Mathematical sciences
10.1016/j.dib.2019.104018,"Jeong, Sun Young",1,Physics & Chemistry
10.1016/j.dib.2018.09.063,"Tang, Ting",2,Physics & Chemistry
10.1016/j.dib.2018.09.063,"Yang, Qingrong",3,Physics & Chemistry
10.1016/j.dib.2018.09.063,"Liu, Ziqi",4,Physics & Chemistry
10.1016/j.dib.2020.106626,"Zhu, Ni",1,Computer & Mathematical sciences
10.1016/j.dib.2020.106626,"Ortiz, Miguel",2,Computer & Mathematical sciences
10.1016/j.dib.2020.106626,"Renaudin, Valérie",3,Computer & Mathematical sciences
10.1016/j.dib.2020.106626,"Ichard, Cécile",4,Computer & Mathematical sciences
10.1016/j.dib.2020.106626,"Ricou, Sander",5,Computer & Mathematical sciences
10.1016/j.dib.2020.105258,"Syeda, Anjum Mobeen",1,Medical sciences
10.1016/j.dib.2020.105258,"Riazunnisa, K.",2,Medical sciences
10.1016/j.dib.2020.106433,"Akram, M. Usman",1,Engineering
10.1016/j.dib.2020.106433,"Abdul Salam, Anum",2,Engineering
10.1016/j.dib.2020.106433,"Khawaja, Sajid Gul",3,Engineering
10.1016/j.dib.2020.106433,"Naqvi, Syed Gul Hassan",4,Engineering
10.1016/j.dib.2020.106433,"Khan, Shoab Ahmed",5,Engineering
10.1016/j.dib.2015.11.051,"De Giorgi, Maria Grazia",1,Engineering
10.1016/j.dib.2015.11.051,"Sciolti, Aldebara",2,Engineering
10.1016/j.dib.2015.11.051,"Campilongo, Stefano",3,Engineering
10.1016/j.dib.2015.11.051,"Ficarella, Antonio",4,Engineering
10.1016/j.dib.2020.105310,"Silva-Aravena, Fabián",1,Social sciences & Humanities
10.1016/j.dib.2020.105310,"Álvarez-Miranda, Eduardo",2,Social sciences & Humanities
10.1016/j.dib.2020.105310,"Astudillo, César A.",3,Social sciences & Humanities
10.1016/j.dib.2020.105310,"González-Martínez, Luis",4,Social sciences & Humanities
10.1016/j.dib.2020.105310,"Ledezma, José G.",5,Social sciences & Humanities
10.1016/j.dib.2017.12.068,"Andrade De Araújo, Hallysson Douglas",1,Medical sciences
10.1016/j.dib.2017.12.068,"Dos Santos Silva, Luanna Ribeiro",2,Medical sciences
10.1016/j.dib.2017.12.068,"De Siqueira, Williams Nascimento",3,Medical sciences
10.1016/j.dib.2017.12.068,"Martins Da Fonseca, Caíque Silveira",4,Medical sciences
10.1016/j.dib.2017.12.068,"Da Silva, Nicácio Henrique",5,Medical sciences
10.1016/j.dib.2017.12.068,"De Albuquerque Melo, Ana Maria Mendonça",6,Medical sciences
10.1016/j.dib.2017.12.068,"Barroso Martins, Mônica Cristina",7,Medical sciences
10.1016/j.dib.2017.12.068,"De Menezes Lima, Vera Lúcia",8,Medical sciences
10.1016/j.dib.2016.06.054,"Jimura, Koji",1,Medical sciences
10.1016/j.dib.2016.06.054,"Hirose, Satoshi",2,Medical sciences
10.1016/j.dib.2016.06.054,"Wada, Hiroyuki",3,Medical sciences
10.1016/j.dib.2016.06.054,"Yoshizawa, Yasunori",4,Medical sciences
10.1016/j.dib.2016.06.054,"Imai, Yoshio",5,Medical sciences
10.1016/j.dib.2016.06.054,"Akahane, Masaaki",6,Medical sciences
10.1016/j.dib.2016.06.054,"Machida, Toru",7,Medical sciences
10.1016/j.dib.2016.06.054,"Shirouzu, Ichiro",8,Medical sciences
10.1016/j.dib.2016.06.054,"Konishi, Seiki",9,Medical sciences
10.1016/j.dib.2016.06.054,"Koike, Yasuharu",10,Medical sciences
10.1016/j.dib.2016.11.010,"Aka, Juliette A.",1,Biological sciences
10.1016/j.dib.2016.11.010,"Calvo, Ezequiel-Luis",2,Biological sciences
10.1016/j.dib.2016.11.010,"Lin, Sheng-Xiang",3,Biological sciences
10.1016/j.dib.2020.105759,"Barboza, Gia",1,Medical sciences
10.1016/j.dib.2020.105759,"Appel, Joan Goldsworthy",2,Medical sciences
10.1016/j.dib.2016.03.084,"Tei, Shoin",1,Biological sciences
10.1016/j.dib.2016.03.084,"Mitsuhashi, Hiroaki",2,Biological sciences
10.1016/j.dib.2016.03.084,"Ishiura, Shoichi",3,Biological sciences
10.1016/j.dib.2020.106260,"Vellios, Nicole",1,Social sciences & Humanities
10.1016/j.dib.2020.106260,"Van Der Zee, Kirsten",2,Social sciences & Humanities
10.1016/j.dib.2019.104043,"Mahmood, Rashid",1,Geosciences
10.1016/j.dib.2019.104043,"Jia, Shaofeng",2,Geosciences
10.1016/j.dib.2020.106115,"Nguyen, Thi Minh Hang",1,Medical sciences
10.1016/j.dib.2020.106115,"Le, Hong Luyen",2,Medical sciences
10.1016/j.dib.2020.106115,"Tran, Quoc Hung",3,Medical sciences
10.1016/j.dib.2020.106115,"Ha, Thi Thoa",4,Medical sciences
10.1016/j.dib.2020.106115,"Bui, Bich Hau",5,Medical sciences
10.1016/j.dib.2020.106115,"Le, Nguyen Thanh",6,Medical sciences
10.1016/j.dib.2020.106115,"Nguyen, Van Hung",7,Medical sciences
10.1016/j.dib.2020.106115,"\u202fNguyen, Thi Van Anh",8,Medical sciences
10.1016/j.dib.2018.10.148,"Kazakov, Alex",1,Medical sciences
10.1016/j.dib.2018.10.148,"Jankowski, Maciej M.",2,Medical sciences
10.1016/j.dib.2018.10.148,"Nelken, Israel",3,Medical sciences
10.1016/j.dib.2016.03.079,"Suciu, Maria",1,Biological sciences
10.1016/j.dib.2016.03.079,"Gruia, Alexandra T.",2,Biological sciences
10.1016/j.dib.2016.03.079,"Nica, Dragos V.",3,Biological sciences
10.1016/j.dib.2016.03.079,"Azghadi, Seyed M.R.",4,Biological sciences
10.1016/j.dib.2016.03.079,"Mic, Ani A.",5,Biological sciences
10.1016/j.dib.2016.03.079,"Mic, Felix A.",6,Biological sciences
10.1016/j.dib.2015.09.028,"Taner, Tolga",1,Engineering
10.1016/j.dib.2015.09.028,"Sivrioglu, Mecit",2,Engineering
10.1016/j.dib.2021.107262,"Henderson, Ashley N.",1,Engineering
10.1016/j.dib.2021.107262,"Kauwe, Steven K.",2,Engineering
10.1016/j.dib.2021.107262,"Sparks, Taylor D.",3,Engineering
10.1016/j.dib.2020.105432,"Zainal-Abidin, Rabiatul-Adawiah",1,Biological sciences
10.1016/j.dib.2020.105432,"Zainal, Zamri",2,Biological sciences
10.1016/j.dib.2020.105432,"Mohamed-Hussein, Zeti-Azura",3,Biological sciences
10.1016/j.dib.2020.105432,"Abu-Bakar, Norliza",4,Biological sciences
10.1016/j.dib.2020.105432,"Ab Razak, Mohd Shahril Firdaus",5,Biological sciences
10.1016/j.dib.2020.105432,"Simoh, Sanimah",6,Biological sciences
10.1016/j.dib.2020.105432,"Sew, Yun Shin",7,Biological sciences
10.1016/j.dib.2021.106870,"Kasera, Nitesh",1,Physics & Chemistry
10.1016/j.dib.2021.106870,"Hall, Steven",2,Physics & Chemistry
10.1016/j.dib.2021.106870,"Kolar, Praveen",3,Physics & Chemistry
10.1016/j.dib.2018.04.041,"Samuel, Ogbiye A.",1,Geosciences
10.1016/j.dib.2018.04.041,"Praisegod, Emenike C.",2,Geosciences
10.1016/j.dib.2018.04.041,"Theophilus, Tenebe I.",3,Geosciences
10.1016/j.dib.2018.04.041,"Omolola, Kafi C.",4,Geosciences
10.1016/j.dib.2015.11.066,"Haskins, Alexis H.",1,Medical sciences
10.1016/j.dib.2015.11.066,"Su, Cathy",2,Medical sciences
10.1016/j.dib.2015.11.066,"Engen, Anya",3,Medical sciences
10.1016/j.dib.2015.11.066,"Salinas, Victoria A.",4,Medical sciences
10.1016/j.dib.2015.11.066,"Maeda, Junko",5,Medical sciences
10.1016/j.dib.2015.11.066,"Uesaka, Mitsuru",6,Medical sciences
10.1016/j.dib.2015.11.066,"Aizawa, Yasushi",7,Medical sciences
10.1016/j.dib.2015.11.066,"Kato, Takamitsu A",8,Medical sciences
10.1016/j.dib.2019.104230,"Huyen, Dang Thuong",1,Geosciences
10.1016/j.dib.2019.104230,"Tabelin, Carlito Baltazar",2,Geosciences
10.1016/j.dib.2019.104230,"Thuan, Huynh Minh",3,Geosciences
10.1016/j.dib.2019.104230,"Dang, Dang Hai",4,Geosciences
10.1016/j.dib.2019.104230,"Truong, Phan Thi",5,Geosciences
10.1016/j.dib.2019.104230,"Vongphuthone, Banthasith",6,Geosciences
10.1016/j.dib.2019.104230,"Kobayashi, Masato",7,Geosciences
10.1016/j.dib.2019.104230,"Igarashi, Toshifumi",8,Geosciences
10.1016/j.dib.2022.107821,"Barber-O'Malley, Betsy"", 'Lassalle, Géraldine",1,Biological sciences
10.1016/j.dib.2022.107821,"Lambert, Patrick",2,Biological sciences
10.1016/j.dib.2022.107821,"Quinton, Eric",3,Biological sciences
10.1016/j.dib.2022.108385,"D'Adamo, Idiano"", 'Colasante, Annarita",1,Geosciences
10.1016/j.dib.2022.108196,"Panem, Charanarur",1,Computer & Mathematical sciences
10.1016/j.dib.2022.108196,"Rane, Udaysing V.",2,Computer & Mathematical sciences
10.1016/j.dib.2022.108196,"Gad, Rajendra S.",3,Computer & Mathematical sciences
10.1016/j.dib.2022.108014,"Park, Heekyeong",1,Biological sciences
10.1016/j.dib.2022.108014,"Forthman, Katherine L.",2,Biological sciences
10.1016/j.dib.2022.108014,"Kuplicki, Rayus",3,Biological sciences
10.1016/j.dib.2022.108014,"Victor, Teresa A.",4,Biological sciences
10.1016/j.dib.2022.108014,"Yeh, Hung-Wen",5,Biological sciences
10.1016/j.dib.2022.108014,"Thompson, Wesley K.",6,Biological sciences
10.1016/j.dib.2022.108014,"Paulus, Martin P.",7,Biological sciences
